id,name_cn,name_jp,name_en,page_url,avatar,card_rarity,servant_class,np_color,np_type,cards,faction,get,atk_max,hp_max
"1","玛修·基列莱特","マシュ・キリエライト","Mash Kyrielight","https://fgo.wiki/w/%E7%8E%9B%E4%BF%AE%C2%B7%E5%9F%BA%E5%88%97%E8%8E%B1%E7%89%B9","https://media.fgo.wiki/9/9c/Servant001.jpg","金卡","Shielder","Arts","辅助","Quick&Arts&Arts&Buster&Buster","地&人","初始获得","8730","12877"
"2","阿尔托莉雅·潘德拉贡","アルトリア・ペンドラゴン","Altria Pendragon","https://fgo.wiki/w/%E9%98%BF%E5%B0%94%E6%89%98%E8%8E%89%E9%9B%85%C2%B7%E6%BD%98%E5%BE%B7%E6%8B%89%E8%B4%A1","https://media.fgo.wiki/c/ca/Servant002.jpg","金卡","Saber","Buster","全体","Quick&Arts&Arts&Buster&Buster","地","圣晶石常驻","11221","15150"
"3","阿尔托莉雅·潘德拉贡〔Alter〕","アルトリア・ペンドラゴン〔オルタ〕","Altria Pendragon (Alter)","https://fgo.wiki/w/%E9%98%BF%E5%B0%94%E6%89%98%E8%8E%89%E9%9B%85%C2%B7%E6%BD%98%E5%BE%B7%E6%8B%89%E8%B4%A1%E3%80%94Alter%E3%80%95","https://media.fgo.wiki/2/27/Servant003.jpg","金卡","Saber","Buster","全体","Quick&Arts&Arts&Buster&Buster","人","剧情限定","10248","11589"
"4","阿尔托莉雅·潘德拉贡〔Lily〕","アルトリア・ペンドラゴン〔リリィ〕","Altria Pendragon (Lily)","https://fgo.wiki/w/%E9%98%BF%E5%B0%94%E6%89%98%E8%8E%89%E9%9B%85%C2%B7%E6%BD%98%E5%BE%B7%E6%8B%89%E8%B4%A1%E3%80%94Lily%E3%80%95","https://media.fgo.wiki/e/e9/Servant004.jpg","金卡","Saber","Buster","全体","Quick&Arts&Arts&Buster&Buster","地","事前登录赠送&活动赠送&友情点召唤","7726","10623"
"5","尼禄·克劳狄乌斯","ネロ・クラウディウス","Nero Claudius","https://fgo.wiki/w/%E5%B0%BC%E7%A6%84%C2%B7%E5%85%8B%E5%8A%B3%E7%8B%84%E4%B9%8C%E6%96%AF","https://media.fgo.wiki/5/59/Servant005.jpg","金卡","Saber","Arts","全体","Quick&Arts&Arts&Buster&Buster","人","剧情限定","9449","11753"
"6","齐格飞","ジークフリート","Siegfried","https://fgo.wiki/w/%E9%BD%90%E6%A0%BC%E9%A3%9E","https://media.fgo.wiki/2/20/Servant006.jpg","金卡","Saber","Buster","全体","Quick&Arts&Arts&Buster&Buster","地","圣晶石常驻","8181","14165"
"7","盖乌斯·尤利乌斯·恺撒","ガイウス・ユリウス・カエサル","Gaius Julius Caesar","https://fgo.wiki/w/%E7%9B%96%E4%B9%8C%E6%96%AF%C2%B7%E5%B0%A4%E5%88%A9%E4%B9%8C%E6%96%AF%C2%B7%E6%81%BA%E6%92%92","https://media.fgo.wiki/f/f9/Servant007.jpg","银卡","Saber","Quick","单体","Quick&Quick&Arts&Buster&Buster","人","圣晶石常驻&友情点召唤","7497","9595"
"8","阿蒂拉","アルテラ","Altera","https://fgo.wiki/w/%E9%98%BF%E8%92%82%E6%8B%89","https://media.fgo.wiki/0/0b/Servant008.jpg","金卡","Saber","Buster","全体","Quick&Arts&Arts&Buster&Buster","人","圣晶石常驻","12343","13907"
"9","吉尔·德·雷","ジル・ド・レェ","Gilles de Rais","https://fgo.wiki/w/%E5%90%89%E5%B0%94%C2%B7%E5%BE%B7%C2%B7%E9%9B%B7","https://media.fgo.wiki/e/e7/Servant009.jpg","银卡","Saber","Arts","辅助","Quick&Arts&Arts&Buster&Buster","人","圣晶石常驻&友情点召唤","6615","10498"
"10","骑士迪昂","シュヴァリエ・デオン","Chevalier d'Eon","https://fgo.wiki/w/%E9%AA%91%E5%A3%AB%E8%BF%AA%E6%98%82","https://media.fgo.wiki/f/fe/Servant010.jpg","金卡","Saber","Arts","辅助","Quick&Arts&Arts&Buster&Buster","人","圣晶石常驻","8765","13256"
"11","卫宫","エミヤ","Emiya","https://fgo.wiki/w/%E5%8D%AB%E5%AE%AB","https://media.fgo.wiki/7/74/Servant011.jpg","金卡","Archer","Buster","全体","Quick&Arts&Arts&Arts&Buster","人","圣晶石常驻","9398","11521"
"12","吉尔伽美什","ギルガメッシュ","Gilgamesh","https://fgo.wiki/w/%E5%90%89%E5%B0%94%E4%BC%BD%E7%BE%8E%E4%BB%80","https://media.fgo.wiki/6/62/Servant012.jpg","金卡","Archer","Buster","全体","Quick&Arts&Arts&Buster&Buster","天","期间限定","12280","13097"
"13","罗宾汉","ロビンフッド","Robin Hood","https://fgo.wiki/w/%E7%BD%97%E5%AE%BE%E6%B1%89","https://media.fgo.wiki/6/66/Servant013.jpg","银卡","Archer","Arts","单体","Quick&Quick&Arts&Arts&Buster","人","圣晶石常驻&友情点召唤","6715","10187"
"14","阿塔兰忒","アタランテ","Atalanta","https://fgo.wiki/w/%E9%98%BF%E5%A1%94%E5%85%B0%E5%BF%92","https://media.fgo.wiki/c/c7/Servant014.jpg","金卡","Archer","Quick","全体","Quick&Quick&Arts&Arts&Buster","地","圣晶石常驻","8633","12476"
"15","尤瑞艾莉","エウリュアレ","Euryale","https://fgo.wiki/w/%E5%B0%A4%E7%91%9E%E8%89%BE%E8%8E%89","https://media.fgo.wiki/4/40/Servant015.jpg","银卡","Archer","Arts","单体","Quick&Quick&Arts&Arts&Buster","天","圣晶石常驻&友情点召唤","7032","9506"
"16","阿拉什","アーラシュ","Arash","https://fgo.wiki/w/%E9%98%BF%E6%8B%89%E4%BB%80","https://media.fgo.wiki/0/05/Servant016.jpg","铜卡","Archer","Buster","全体","Quick&Arts&Arts&Buster&Buster","地","友情点召唤&活动通关奖励","5816","7122"
"17","库·丘林","クー・フーリン","Cú Chulainn","https://fgo.wiki/w/%E5%BA%93%C2%B7%E4%B8%98%E6%9E%97","https://media.fgo.wiki/7/76/Servant017.jpg","银卡","Lancer","Quick","单体","Quick&Quick&Arts&Buster&Buster","天","圣晶石常驻&友情点召唤","7239","9593"
"18","伊丽莎白·巴托里","エリザベート・バートリー","Elisabeth Báthory","https://fgo.wiki/w/%E4%BC%8A%E4%B8%BD%E8%8E%8E%E7%99%BD%C2%B7%E5%B7%B4%E6%89%98%E9%87%8C","https://media.fgo.wiki/d/da/Servant018.jpg","金卡","Lancer","Buster","全体","Quick&Quick&Arts&Buster&Buster","人","圣晶石常驻","9122","11870"
"19","武藏坊弁庆","武蔵坊弁慶","Musashibou Benkei","https://fgo.wiki/w/%E6%AD%A6%E8%97%8F%E5%9D%8A%E5%BC%81%E5%BA%86","https://media.fgo.wiki/1/10/Servant019.jpg","铜卡","Lancer","Arts","辅助","Quick&Quick&Arts&Arts&Buster","人","友情点召唤","5801","9149"
"20","库·丘林〔Prototype〕","クー・フーリン〔プロトタイプ〕","Cú Chulainn (Prototype)","https://fgo.wiki/w/%E5%BA%93%C2%B7%E4%B8%98%E6%9E%97%E3%80%94Prototype%E3%80%95","https://media.fgo.wiki/2/22/Servant020.jpg","银卡","Lancer","Quick","单体","Quick&Quick&Arts&Buster&Buster","天","圣晶石常驻&友情点召唤","7082","10098"
"21","列奥尼达一世","レオニダス一世","Leonidas I","https://fgo.wiki/w/%E5%88%97%E5%A5%A5%E5%B0%BC%E8%BE%BE%E4%B8%80%E4%B8%96","https://media.fgo.wiki/5/59/Servant021.jpg","铜卡","Lancer","Buster","辅助","Quick&Quick&Arts&Buster&Buster","人","友情点召唤&活动通关奖励","6583","7959"
"22","罗穆路斯","ロムルス","Romulus","https://fgo.wiki/w/%E7%BD%97%E7%A9%86%E8%B7%AF%E6%96%AF","https://media.fgo.wiki/d/d8/Servant022.jpg","银卡","Lancer","Buster","全体","Quick&Quick&Arts&Buster&Buster","星","圣晶石常驻&友情点召唤","7239","9883"
"23","美杜莎","メドゥーサ","Medusa","https://fgo.wiki/w/%E7%BE%8E%E6%9D%9C%E8%8E%8E","https://media.fgo.wiki/7/7d/Servant023.jpg","银卡","Rider","Quick","全体","Quick&Quick&Arts&Arts&Buster","地","圣晶石常驻&友情点召唤","7200","8937"
"24","乔尔乔斯","ゲオルギウス","Georgios","https://fgo.wiki/w/%E4%B9%94%E5%B0%94%E4%B9%94%E6%96%AF","https://media.fgo.wiki/c/c3/Servant024.jpg","铜卡","Rider","Arts","单体","Quick&Quick&Arts&Arts&Buster","人","友情点召唤&活动通关奖励","5236","9200"
"25","爱德华·蒂奇","エドワード・ティーチ","Edward Teach","https://fgo.wiki/w/%E7%88%B1%E5%BE%B7%E5%8D%8E%C2%B7%E8%92%82%E5%A5%87","https://media.fgo.wiki/c/cf/Servant025.jpg","铜卡","Rider","Buster","全体","Quick&Arts&Arts&Buster&Buster","人","友情点召唤","6188","7907"
"26","布狄卡","ブーディカ","Boudica","https://fgo.wiki/w/%E5%B8%83%E7%8B%84%E5%8D%A1","https://media.fgo.wiki/b/b1/Servant026.jpg","银卡","Rider","Arts","辅助","Quick&Quick&Arts&Arts&Buster","人","通关报酬&圣晶石常驻&友情点召唤","6289","10130"
"27","牛若丸","牛若丸","Ushiwakamaru","https://fgo.wiki/w/%E7%89%9B%E8%8B%A5%E4%B8%B8","https://media.fgo.wiki/8/8f/Servant027.jpg","银卡","Rider","Quick","单体","Quick&Quick&Arts&Arts&Buster","人","圣晶石常驻&友情点召唤","7076","9028"
"28","亚历山大","アレキサンダー","Alexander","https://fgo.wiki/w/%E4%BA%9A%E5%8E%86%E5%B1%B1%E5%A4%A7","https://media.fgo.wiki/f/f2/Servant028.jpg","银卡","Rider","Quick","全体","Quick&Quick&Arts&Arts&Buster","人","圣晶石常驻&友情点召唤","7356","8640"
"29","玛丽·安托瓦内特","マリー・アントワネット","Marie Antoinette","https://fgo.wiki/w/%E7%8E%9B%E4%B8%BD%C2%B7%E5%AE%89%E6%89%98%E7%93%A6%E5%86%85%E7%89%B9","https://media.fgo.wiki/d/db/Servant029.jpg","金卡","Rider","Quick","全体","Quick&Quick&Arts&Arts&Buster","人","圣晶石常驻","8293","12348"
"30","玛尔达","マルタ","Martha","https://fgo.wiki/w/%E7%8E%9B%E5%B0%94%E8%BE%BE","https://media.fgo.wiki/9/9a/Servant030.jpg","金卡","Rider","Buster","全体","Quick&Arts&Arts&Arts&Buster","人","圣晶石常驻","8014","13068"
"31","美狄亚","メディア","Medea","https://fgo.wiki/w/%E7%BE%8E%E7%8B%84%E4%BA%9A","https://media.fgo.wiki/1/1e/Servant031.jpg","银卡","Caster","Arts","单体","Quick&Arts&Arts&Arts&Buster","地","圣晶石常驻&友情点召唤","7418","8643"
"32","吉尔·德·雷","ジル・ド・レェ","Gilles de Rais","https://fgo.wiki/w/%E5%90%89%E5%B0%94%C2%B7%E5%BE%B7%C2%B7%E9%9B%B7(Caster)","https://media.fgo.wiki/2/22/Servant032.jpg","银卡","Caster","Buster","全体","Quick&Arts&Arts&Arts&Buster","人","剧情限定","6514","9506"
"33","汉斯·克里斯蒂安·安徒生","ハンス・クリスチャン・アンデルセン","Hans Christian Andersen","https://fgo.wiki/w/%E6%B1%89%E6%96%AF%C2%B7%E5%85%8B%E9%87%8C%E6%96%AF%E8%92%82%E5%AE%89%C2%B7%E5%AE%89%E5%BE%92%E7%94%9F","https://media.fgo.wiki/5/57/Servant033.jpg","铜卡","Caster","Arts","辅助","Quick&Arts&Arts&Arts&Buster","人","友情点召唤","5758","8484"
"34","威廉·莎士比亚","ウィリアム・シェイクスピア","William Shakespeare","https://fgo.wiki/w/%E5%A8%81%E5%BB%89%C2%B7%E8%8E%8E%E5%A3%AB%E6%AF%94%E4%BA%9A","https://media.fgo.wiki/d/d7/Servant034.jpg","铜卡","Caster","Buster","全体","Quick&Arts&Arts&Arts&Buster","人","友情点召唤&活动通关奖励","5798","8080"
"35","梅菲斯托费勒斯","メフィストフェレス","Mephistopheles","https://fgo.wiki/w/%E6%A2%85%E8%8F%B2%E6%96%AF%E6%89%98%E8%B4%B9%E5%8B%92%E6%96%AF","https://media.fgo.wiki/1/1d/Servant035.jpg","银卡","Caster","Buster","全体","Quick&Arts&Arts&Arts&Buster","地","圣晶石常驻&友情点召唤","6839","9216"
"36","沃尔夫冈·阿马德乌斯·莫扎特","ヴォルフガング・アマデウス・モーツァルト","Wolfgang Amadeus Mozart","https://fgo.wiki/w/%E6%B2%83%E5%B0%94%E5%A4%AB%E5%86%88%C2%B7%E9%98%BF%E9%A9%AC%E5%BE%B7%E4%B9%8C%E6%96%AF%C2%B7%E8%8E%AB%E6%89%8E%E7%89%B9","https://media.fgo.wiki/e/ed/Servant036.jpg","铜卡","Caster","Arts","辅助","Quick&Arts&Arts&Arts&Buster","星","友情点召唤","5195","7129"
"37","诸葛孔明〔埃尔梅罗Ⅱ世〕","諸葛孔明〔エルメロイⅡ世〕","Zhuge Liang (Lord El-Melloi II)","https://fgo.wiki/w/%E8%AF%B8%E8%91%9B%E5%AD%94%E6%98%8E%E3%80%94%E5%9F%83%E5%B0%94%E6%A2%85%E7%BD%97%E2%85%A1%E4%B8%96%E3%80%95","https://media.fgo.wiki/4/40/Servant037.jpg","金卡","Caster","Arts","辅助","Quick&Arts&Arts&Arts&Buster","人","圣晶石常驻","10598","14259"
"38","库·丘林","クー・フーリン","Cú Chulainn","https://fgo.wiki/w/%E5%BA%93%C2%B7%E4%B8%98%E6%9E%97(Caster)","https://media.fgo.wiki/b/bc/Servant038.jpg","银卡","Caster","Buster","全体","Quick&Arts&Arts&Arts&Buster","天","通关报酬&剧情限定","6580","9604"
"39","佐佐木小次郎","佐々木小次郎","Sasaki Kojirou","https://fgo.wiki/w/%E4%BD%90%E4%BD%90%E6%9C%A8%E5%B0%8F%E6%AC%A1%E9%83%8E","https://media.fgo.wiki/a/a1/Servant039.jpg","铜卡","Assassin","Quick","单体","Quick&Quick&Quick&Arts&Buster","人","友情点召唤&活动通关奖励","5735","6220"
"40","咒腕哈桑","呪腕のハサン","Hassan of the Cursed Arm","https://fgo.wiki/w/%E5%92%92%E8%85%95%E5%93%88%E6%A1%91","https://media.fgo.wiki/f/ff/Servant040.jpg","铜卡","Assassin","Quick","单体","Quick&Quick&Quick&Arts&Buster","人","友情点召唤","6280","7594"
"41","斯忒诺","ステンノ","Stheno","https://fgo.wiki/w/%E6%96%AF%E5%BF%92%E8%AF%BA","https://media.fgo.wiki/7/7e/Servant041.jpg","金卡","Assassin","Buster","辅助","Quick&Quick&Quick&Arts&Buster","天","圣晶石常驻","8985","11518"
"42","荆轲","荊軻","Jing Ke","https://fgo.wiki/w/%E8%8D%86%E8%BD%B2","https://media.fgo.wiki/7/76/Servant042.jpg","银卡","Assassin","Quick","单体","Quick&Quick&Quick&Arts&Buster","人","圣晶石常驻&友情点召唤","7207","8293"
"43","夏尔·亨利·桑松","シャルル＝アンリ・サンソン","Charles-Henri Sanson","https://fgo.wiki/w/%E5%A4%8F%E5%B0%94%C2%B7%E4%BA%A8%E5%88%A9%C2%B7%E6%A1%91%E6%9D%BE","https://media.fgo.wiki/3/3f/Servant043.jpg","铜卡","Assassin","Buster","单体","Quick&Quick&Quick&Arts&Buster","人","友情点召唤","5456","8309"
"44","剧院魅影","ファントム・オブ・ジ・オペラ","Phantom of the Opera","https://fgo.wiki/w/%E5%89%A7%E9%99%A2%E9%AD%85%E5%BD%B1","https://media.fgo.wiki/8/88/Servant044.jpg","铜卡","Assassin","Arts","全体","Quick&Quick&Quick&Arts&Buster","地","友情点召唤","5654","8393"
"45","玛塔·哈丽","マタ・ハリ","Mata Hari","https://fgo.wiki/w/%E7%8E%9B%E5%A1%94%C2%B7%E5%93%88%E4%B8%BD","https://media.fgo.wiki/a/a7/Servant045.jpg","铜卡","Assassin","Arts","辅助","Quick&Quick&Quick&Arts&Buster","人","友情点召唤","5377","6565"
"46","卡米拉","カーミラ","Carmilla","https://fgo.wiki/w/%E5%8D%A1%E7%B1%B3%E6%8B%89","https://media.fgo.wiki/e/e8/Servant046.jpg","金卡","Assassin","Buster","单体","Quick&Quick&Quick&Arts&Buster","地","圣晶石常驻","9408","10473"
"47","赫拉克勒斯","ヘラクレス","Heracles","https://fgo.wiki/w/%E8%B5%AB%E6%8B%89%E5%85%8B%E5%8B%92%E6%96%AF","https://media.fgo.wiki/3/3f/Servant047.jpg","金卡","Berserker","Buster","单体","Quick&Arts&Buster&Buster&Buster","天","圣晶石常驻","10655","10327"
"48","兰斯洛特","ランスロット","Lancelot","https://fgo.wiki/w/%E5%85%B0%E6%96%AF%E6%B4%9B%E7%89%B9","https://media.fgo.wiki/b/b6/Servant048.jpg","金卡","Berserker","Quick","全体","Quick&Arts&Buster&Buster&Buster","地","圣晶石常驻","10477","10327"
"49","吕布奉先","呂布奉先","Lu Bu Fengxian","https://fgo.wiki/w/%E5%90%95%E5%B8%83%E5%A5%89%E5%85%88","https://media.fgo.wiki/4/4f/Servant049.jpg","银卡","Berserker","Buster","单体","Quick&Arts&Buster&Buster&Buster","人","圣晶石常驻&友情点召唤","8119","8302"
"50","斯巴达克斯","スパルタクス","Spartacus","https://fgo.wiki/w/%E6%96%AF%E5%B7%B4%E8%BE%BE%E5%85%8B%E6%96%AF","https://media.fgo.wiki/5/58/Servant050.jpg","铜卡","Berserker","Buster","全体","Quick&Arts&Buster&Buster&Buster","人","友情点召唤","5073","7722"
"51","坂田金时","坂田金時","Sakata Kintoki","https://fgo.wiki/w/%E5%9D%82%E7%94%B0%E9%87%91%E6%97%B6","https://media.fgo.wiki/3/30/Servant051.jpg","金卡","Berserker","Buster","单体","Quick&Arts&Buster&Buster&Buster","人","期间限定","12712","12150"
"52","弗拉德三世","ヴラド三世","Vlad III","https://fgo.wiki/w/%E5%BC%97%E6%8B%89%E5%BE%B7%E4%B8%89%E4%B8%96","https://media.fgo.wiki/3/3f/Servant052.jpg","金卡","Berserker","Arts","单体","Quick&Arts&Arts&Buster&Buster","地","圣晶石常驻","11499","13770"
"53","阿斯忒里俄斯","アステリオス","Asterios","https://fgo.wiki/w/%E9%98%BF%E6%96%AF%E5%BF%92%E9%87%8C%E4%BF%84%E6%96%AF","https://media.fgo.wiki/3/37/Servant053.jpg","铜卡","Berserker","Arts","辅助","Quick&Arts&Buster&Buster&Buster","地","友情点召唤","6037","6604"
"54","卡利古拉","カリギュラ","Caligula","https://fgo.wiki/w/%E5%8D%A1%E5%88%A9%E5%8F%A4%E6%8B%89","https://media.fgo.wiki/7/78/Servant054.jpg","铜卡","Berserker","Arts","辅助","Quick&Arts&Buster&Buster&Buster","人","友情点召唤","6831","7303"
"55","大流士三世","ダレイオス三世","Darius III","https://fgo.wiki/w/%E5%A4%A7%E6%B5%81%E5%A3%AB%E4%B8%89%E4%B8%96","https://media.fgo.wiki/5/58/Servant055.jpg","银卡","Berserker","Buster","全体","Quick&Arts&Buster&Buster&Buster","人","圣晶石常驻&友情点召唤","7608","8763"
"56","清姬","清姫","Kiyohime","https://fgo.wiki/w/%E6%B8%85%E5%A7%AC","https://media.fgo.wiki/e/e0/Servant056.jpg","银卡","Berserker","Buster","全体","Quick&Arts&Buster&Buster&Buster","地","通关报酬&圣晶石常驻&友情点召唤","6644","9166"
"57","血斧埃里克","エイリーク・ブラッドアクス","Eric Bloodaxe","https://fgo.wiki/w/%E8%A1%80%E6%96%A7%E5%9F%83%E9%87%8C%E5%85%8B","https://media.fgo.wiki/2/2f/Servant057.jpg","铜卡","Berserker","Buster","全体","Quick&Arts&Buster&Buster&Buster","人","友情点召唤","6290","7688"
"58","玉藻猫","タマモキャット","Tamamo Cat","https://fgo.wiki/w/%E7%8E%89%E8%97%BB%E7%8C%AB","https://media.fgo.wiki/f/f0/Servant058.jpg","金卡","Berserker","Quick","全体","Quick&Arts&Buster&Buster&Buster","地","圣晶石常驻","9026","11458"
"59","贞德","ジャンヌ・ダルク","Jeanne d'Arc","https://fgo.wiki/w/%E8%B4%9E%E5%BE%B7","https://media.fgo.wiki/a/a5/Servant059.jpg","金卡","Ruler","Arts","辅助","Quick&Arts&Arts&Arts&Buster","星","圣晶石常驻","9593","16500"
"60","俄里翁","オリオン","Orion","https://fgo.wiki/w/%E4%BF%84%E9%87%8C%E7%BF%81","https://media.fgo.wiki/4/47/Servant060.jpg","金卡","Archer","Arts","单体","Quick&Quick&Arts&Arts&Buster","天","圣晶石常驻","11107","14553"
"61","伊丽莎白·巴托里〔万圣节〕","エリザベート・バートリー〔ハロウィン〕","Elisabeth Báthory (Halloween)","https://fgo.wiki/w/%E4%BC%8A%E4%B8%BD%E8%8E%8E%E7%99%BD%C2%B7%E5%B7%B4%E6%89%98%E9%87%8C%E3%80%94%E4%B8%87%E5%9C%A3%E8%8A%82%E3%80%95","https://media.fgo.wiki/c/cf/Servant061.jpg","金卡","Caster","Buster","全体","Quick&Arts&Arts&Arts&Buster","人","活动赠送","8616","11404"
"62","玉藻前","玉藻の前","Tamamo-no-Mae","https://fgo.wiki/w/%E7%8E%89%E8%97%BB%E5%89%8D","https://media.fgo.wiki/6/6c/Servant062.jpg","金卡","Caster","Arts","辅助","Quick&Arts&Arts&Arts&Buster","天","圣晶石常驻","10546","14259"
"63","大卫","ダビデ","David","https://fgo.wiki/w/%E5%A4%A7%E5%8D%AB","https://media.fgo.wiki/a/a7/Servant063.jpg","银卡","Archer","Buster","单体","Quick&Arts&Arts&Arts&Buster","天","通关报酬&圣晶石常驻&友情点召唤","7736","8643"
"64","赫克托耳","ヘクトール","Hektor","https://fgo.wiki/w/%E8%B5%AB%E5%85%8B%E6%89%98%E8%80%B3","https://media.fgo.wiki/c/c3/Servant064.jpg","银卡","Lancer","Buster","全体","Quick&Quick&Arts&Buster&Buster","人","圣晶石常驻&友情点召唤","6928","10200"
"65","弗朗西斯·德雷克","フランシス・ドレイク","Francis Drake","https://fgo.wiki/w/%E5%BC%97%E6%9C%97%E8%A5%BF%E6%96%AF%C2%B7%E5%BE%B7%E9%9B%B7%E5%85%8B","https://media.fgo.wiki/7/78/Servant065.jpg","金卡","Rider","Buster","全体","Quick&Arts&Arts&Buster&Buster","星","圣晶石常驻","11326","12830"
"66","安妮·伯妮＆玛莉·瑞德","アン・ボニー＆メアリー・リード","Anne Bonny & Mary Read","https://fgo.wiki/w/%E5%AE%89%E5%A6%AE%C2%B7%E4%BC%AF%E5%A6%AE%EF%BC%86%E7%8E%9B%E8%8E%89%C2%B7%E7%91%9E%E5%BE%B7","https://media.fgo.wiki/7/76/Servant066.jpg","金卡","Rider","Quick","单体","Quick&Quick&Arts&Arts&Buster","人","圣晶石常驻","9029","11286"
"67","美狄亚〔Lily〕","メディア〔リリィ〕","Medea (Lily)","https://fgo.wiki/w/%E7%BE%8E%E7%8B%84%E4%BA%9A%E3%80%94Lily%E3%80%95","https://media.fgo.wiki/c/ca/Servant067.jpg","金卡","Caster","Arts","辅助","Quick&Arts&Arts&Arts&Buster","地","剧情限定","7766","13070"
"68","冲田总司","沖田総司","Okita Souji","https://fgo.wiki/w/%E5%86%B2%E7%94%B0%E6%80%BB%E5%8F%B8","https://media.fgo.wiki/b/bc/Servant068.jpg","金卡","Saber","Quick","单体","Quick&Quick&Arts&Buster&Buster","人","期间限定","12068","13225"
"69","织田信长","織田信長","Oda Nobunaga","https://fgo.wiki/w/%E7%BB%87%E7%94%B0%E4%BF%A1%E9%95%BF","https://media.fgo.wiki/c/cc/Servant069.jpg","金卡","Archer","Buster","全体","Quick&Arts&Arts&Buster&Buster","人","活动赠送","9494","11637"
"70","斯卡哈","スカサハ","Scáthach","https://fgo.wiki/w/%E6%96%AF%E5%8D%A1%E5%93%88","https://media.fgo.wiki/3/3a/Servant070.jpg","金卡","Lancer","Quick","单体","Quick&Quick&Arts&Buster&Buster","星","期间限定","11375","14825"
"71","迪尔姆德·奥迪那","ディルムッド・オディナ","Diarmuid Ua Duibhne","https://fgo.wiki/w/%E8%BF%AA%E5%B0%94%E5%A7%86%E5%BE%B7%C2%B7%E5%A5%A5%E8%BF%AA%E9%82%A3","https://media.fgo.wiki/b/b7/Servant071.jpg","银卡","Lancer","Quick","单体","Quick&Quick&Arts&Arts&Buster","地","圣晶石常驻&友情点召唤","6877","10098"
"72","弗格斯·马克·罗伊","フェルグス・マック・ロイ","Fergus mac Róich","https://fgo.wiki/w/%E5%BC%97%E6%A0%BC%E6%96%AF%C2%B7%E9%A9%AC%E5%85%8B%C2%B7%E7%BD%97%E4%BC%8A","https://media.fgo.wiki/4/4c/Servant072.jpg","银卡","Saber","Buster","全体","Quick&Arts&Buster&Buster&Buster","地","圣晶石常驻&友情点召唤","7460","9786"
"73","阿尔托莉雅·潘德拉贡〔圣诞Alter〕","アルトリア・ペンドラゴン〔サンタオルタ〕","Altria Pendragon (Santa Alter)","https://fgo.wiki/w/%E9%98%BF%E5%B0%94%E6%89%98%E8%8E%89%E9%9B%85%C2%B7%E6%BD%98%E5%BE%B7%E6%8B%89%E8%B4%A1%E3%80%94%E5%9C%A3%E8%AF%9EAlter%E3%80%95","https://media.fgo.wiki/1/18/Servant073.jpg","金卡","Rider","Buster","全体","Quick&Arts&Arts&Buster&Buster","人","活动赠送","9258","11286"
"74","童谣","ナーサリー・ライム","Nursery Rhyme","https://fgo.wiki/w/%E7%AB%A5%E8%B0%A3","https://media.fgo.wiki/5/5e/Servant074.jpg","金卡","Caster","Arts","全体","Quick&Arts&Arts&Arts&Buster","人","圣晶石常驻","8629","11882"
"75","开膛手杰克","ジャック・ザ・リッパー","Jack the Ripper","https://fgo.wiki/w/%E5%BC%80%E8%86%9B%E6%89%8B%E6%9D%B0%E5%85%8B","https://media.fgo.wiki/5/58/Servant075.jpg","金卡","Assassin","Quick","单体","Quick&Quick&Quick&Arts&Buster","地","圣晶石常驻","11557","12696"
"76","莫德雷德","モードレッド","Mordred","https://fgo.wiki/w/%E8%8E%AB%E5%BE%B7%E9%9B%B7%E5%BE%B7","https://media.fgo.wiki/e/e4/Servant076.jpg","金卡","Saber","Buster","全体","Quick&Arts&Arts&Buster&Buster","地","圣晶石常驻","11723","14680"
"77","尼古拉·特斯拉","ニコラ・テスラ","Nikola Tesla","https://fgo.wiki/w/%E5%B0%BC%E5%8F%A4%E6%8B%89%C2%B7%E7%89%B9%E6%96%AF%E6%8B%89","https://media.fgo.wiki/9/93/Servant077.jpg","金卡","Archer","Buster","全体","Quick&Arts&Arts&Buster&Buster","星","剧情限定","11781","13825"
"78","阿尔托莉雅·潘德拉贡〔Alter〕","アルトリア・ペンドラゴン〔オルタ〕","Altria Pendragon (Alter)","https://fgo.wiki/w/%E9%98%BF%E5%B0%94%E6%89%98%E8%8E%89%E9%9B%85%C2%B7%E6%BD%98%E5%BE%B7%E6%8B%89%E8%B4%A1%E3%80%94Alter%E3%80%95(Lancer)","https://media.fgo.wiki/b/b2/Servant078.jpg","金卡","Lancer","Buster","全体","Quick&Quick&Arts&Buster&Buster","天","剧情限定","9968","11761"
"79","冯·霍恩海姆·帕拉塞尔苏斯","ヴァン・ホーエンハイム・パラケルスス","Paracelsus von Hohenheim","https://fgo.wiki/w/%E5%86%AF%C2%B7%E9%9C%8D%E6%81%A9%E6%B5%B7%E5%A7%86%C2%B7%E5%B8%95%E6%8B%89%E5%A1%9E%E5%B0%94%E8%8B%8F%E6%96%AF","https://media.fgo.wiki/5/57/Servant079.jpg","银卡","Caster","Arts","全体","Quick&Arts&Arts&Arts&Buster","人","圣晶石常驻&友情点召唤","6711","9506"
"80","查尔斯·巴贝奇","チャールズ・バベッジ","Charles Babbage","https://fgo.wiki/w/%E6%9F%A5%E5%B0%94%E6%96%AF%C2%B7%E5%B7%B4%E8%B4%9D%E5%A5%87","https://media.fgo.wiki/3/39/Servant080.jpg","银卡","Caster","Buster","全体","Quick&Arts&Arts&Buster&Buster","人","圣晶石常驻&友情点召唤","5996","10887"
"81","亨利·杰基尔＆海德","ヘンリー・ジキル＆ハイド","Henry Jekyll & Hyde","https://fgo.wiki/w/%E4%BA%A8%E5%88%A9%C2%B7%E6%9D%B0%E5%9F%BA%E5%B0%94%EF%BC%86%E6%B5%B7%E5%BE%B7","https://media.fgo.wiki/7/7d/Servant081.jpg","银卡","Assassin","Buster","辅助","Quick&Quick&Arts&Buster&Buster","地","通关报酬&圣晶石常驻&友情点召唤","6320","9675"
"82","弗兰肯斯坦","フランケンシュタイン","Frankenstein","https://fgo.wiki/w/%E5%BC%97%E5%85%B0%E8%82%AF%E6%96%AF%E5%9D%A6","https://media.fgo.wiki/7/7f/Servant082.jpg","金卡","Berserker","Quick","全体","Quick&Arts&Buster&Buster&Buster","地","圣晶石常驻","9441","10687"
"83","所罗门","ソロモン","Solomon","https://fgo.wiki/w/%E6%89%80%E7%BD%97%E9%97%A8","https://media.fgo.wiki/2/23/Servant083.jpg","金卡","Caster","","","","天","无法获得","",""
"84","阿周那","アルジュナ","Arjuna","https://fgo.wiki/w/%E9%98%BF%E5%91%A8%E9%82%A3","https://media.fgo.wiki/4/45/Servant084.jpg","金卡","Archer","Buster","全体","Quick&Arts&Arts&Arts&Buster","天","圣晶石常驻","12342","13230"
"85","迦尔纳","カルナ","Karna","https://fgo.wiki/w/%E8%BF%A6%E5%B0%94%E7%BA%B3","https://media.fgo.wiki/9/99/Servant085.jpg","金卡","Lancer","Buster","全体","Quick&Quick&Arts&Buster&Buster","天","圣晶石常驻","11976","13632"
"86","谜之女主角X","謎のヒロインX","Mysterious Heroine X","https://fgo.wiki/w/%E8%B0%9C%E4%B9%8B%E5%A5%B3%E4%B8%BB%E8%A7%92X","https://media.fgo.wiki/5/54/Servant086.jpg","金卡","Assassin","Quick","单体","Quick&Quick&Arts&Arts&Buster","星","期间限定","11761","12696"
"87","芬恩·麦克库尔","フィン・マックール","Fionn mac Cumhaill","https://fgo.wiki/w/%E8%8A%AC%E6%81%A9%C2%B7%E9%BA%A6%E5%85%8B%E5%BA%93%E5%B0%94","https://media.fgo.wiki/8/8f/Servant087.jpg","金卡","Lancer","Arts","全体","Quick&Quick&Arts&Arts&Buster","天","圣晶石常驻","8930","12750"
"88","布伦希尔德","ブリュンヒルデ","Brynhild","https://fgo.wiki/w/%E5%B8%83%E4%BC%A6%E5%B8%8C%E5%B0%94%E5%BE%B7","https://media.fgo.wiki/0/08/Servant088.jpg","金卡","Lancer","Buster","单体","Quick&Quick&Arts&Buster&Buster","天","期间限定","11432","14825"
"89","贝奥武夫","ベオウルフ","Beowulf","https://fgo.wiki/w/%E8%B4%9D%E5%A5%A5%E6%AD%A6%E5%A4%AB","https://media.fgo.wiki/9/98/Servant089.jpg","金卡","Berserker","Buster","单体","Quick&Arts&Buster&Buster&Buster","地","圣晶石常驻","10247","10327"
"90","尼禄·克劳狄乌斯〔新娘〕","ネロ・クラウディウス〔ブライド〕","Nero Claudius (Bride)","https://fgo.wiki/w/%E5%B0%BC%E7%A6%84%C2%B7%E5%85%8B%E5%8A%B3%E7%8B%84%E4%B9%8C%E6%96%AF%E3%80%94%E6%96%B0%E5%A8%98%E3%80%95","https://media.fgo.wiki/4/45/Servant090.jpg","金卡","Saber","Arts","单体","Quick&Arts&Arts&Buster&Buster","人","期间限定","11607","14248"
"91","两仪式","両儀式","Ryougi Shiki","https://fgo.wiki/w/%E4%B8%A4%E4%BB%AA%E5%BC%8F","https://media.fgo.wiki/4/4a/Servant091.jpg","金卡","Saber","Arts","全体","Quick&Arts&Arts&Buster&Buster","人","期间限定","10721","15453"
"92","两仪式","両儀式","Ryougi Shiki","https://fgo.wiki/w/%E4%B8%A4%E4%BB%AA%E5%BC%8F(Assassin)","https://media.fgo.wiki/2/28/Servant092.jpg","金卡","Assassin","Arts","单体","Quick&Quick&Arts&Arts&Buster","人","活动赠送","8867","11055"
"93","天草四郎","天草四郎","Amakusa Shirou","https://fgo.wiki/w/%E5%A4%A9%E8%8D%89%E5%9B%9B%E9%83%8E","https://media.fgo.wiki/1/1c/Servant093.jpg","金卡","Ruler","Buster","全体","Quick&Arts&Arts&Buster&Buster","人","期间限定","10972","14107"
"94","阿斯托尔福","アストルフォ","Astolfo","https://fgo.wiki/w/%E9%98%BF%E6%96%AF%E6%89%98%E5%B0%94%E7%A6%8F","https://media.fgo.wiki/6/6d/Servant094.jpg","金卡","Rider","Quick","全体","Quick&Quick&Quick&Arts&Buster","地","圣晶石常驻","8937","11172"
"95","幼吉尔","子ギル","Gilgamesh (Child)","https://fgo.wiki/w/%E5%B9%BC%E5%90%89%E5%B0%94","https://media.fgo.wiki/9/98/Servant095.jpg","银卡","Archer","Buster","全体","Quick&Arts&Arts&Buster&Buster","天","圣晶石常驻&友情点召唤","7696","8731"
"96","岩窟王","巌窟王","Edmond Dantès","https://fgo.wiki/w/%E5%B2%A9%E7%AA%9F%E7%8E%8B","https://media.fgo.wiki/a/a3/Servant096.jpg","金卡","Avenger","Quick","全体","Quick&Quick&Arts&Buster&Buster","人","期间限定","12641","12177"
"97","南丁格尔","ナイチンゲール","Florence Nightingale","https://fgo.wiki/w/%E5%8D%97%E4%B8%81%E6%A0%BC%E5%B0%94","https://media.fgo.wiki/b/b5/Servant097.jpg","金卡","Berserker","Arts","辅助","Quick&Arts&Arts&Buster&Buster","人","圣晶石常驻","10184","15221"
"98","库·丘林〔Alter〕","クー・フーリン〔オルタ〕","Cú Chulainn (Alter)","https://fgo.wiki/w/%E5%BA%93%C2%B7%E4%B8%98%E6%9E%97%E3%80%94Alter%E3%80%95","https://media.fgo.wiki/d/dc/Servant098.jpg","金卡","Berserker","Buster","单体","Quick&Arts&Buster&Buster&Buster","地","剧情限定","12805","12210"
"99","女王梅芙","女王メイヴ","Queen Medb","https://fgo.wiki/w/%E5%A5%B3%E7%8E%8B%E6%A2%85%E8%8A%99","https://media.fgo.wiki/9/93/Servant099.jpg","金卡","Rider","Buster","单体","Quick&Arts&Arts&Buster&Buster","地","剧情限定","10296","13968"
"100","海伦娜·布拉瓦茨基","エレナ・ブラヴァツキー","Helena Blavatsky","https://fgo.wiki/w/%E6%B5%B7%E4%BC%A6%E5%A8%9C%C2%B7%E5%B8%83%E6%8B%89%E7%93%A6%E8%8C%A8%E5%9F%BA","https://media.fgo.wiki/5/57/Servant100.jpg","金卡","Caster","Arts","全体","Quick&Arts&Arts&Arts&Buster","人","圣晶石常驻","8629","11882"
"101","罗摩","ラーマ","Rama","https://fgo.wiki/w/%E7%BD%97%E6%91%A9","https://media.fgo.wiki/c/c7/Servant101.jpg","金卡","Saber","Buster","单体","Quick&Arts&Arts&Buster&Buster","天","圣晶石常驻","9854","11993"
"102","李书文","李書文","Li Shuwen","https://fgo.wiki/w/%E6%9D%8E%E4%B9%A6%E6%96%87","https://media.fgo.wiki/1/1c/Servant102.jpg","金卡","Lancer","Arts","单体","Quick&Quick&Arts&Arts&Buster","人","剧情限定","9653","11360"
"103","托马斯·爱迪生","トーマス・エジソン","Thomas Edison","https://fgo.wiki/w/%E6%89%98%E9%A9%AC%E6%96%AF%C2%B7%E7%88%B1%E8%BF%AA%E7%94%9F","https://media.fgo.wiki/f/fa/Servant103.jpg","金卡","Caster","Arts","全体","Quick&Arts&Arts&Arts&Buster","人","剧情限定","7952","11882"
"104","杰罗尼莫","ジェロニモ","Geronimo","https://fgo.wiki/w/%E6%9D%B0%E7%BD%97%E5%B0%BC%E8%8E%AB","https://media.fgo.wiki/d/d2/Servant104.jpg","银卡","Caster","Arts","全体","Quick&Arts&Arts&Buster&Buster","人","通关报酬&圣晶石常驻&友情点召唤","6857","9123"
"105","比利小子","ビリー・ザ・キッド","Billy the Kid","https://fgo.wiki/w/%E6%AF%94%E5%88%A9%E5%B0%8F%E5%AD%90","https://media.fgo.wiki/5/51/Servant105.jpg","银卡","Archer","Quick","单体","Quick&Quick&Arts&Arts&Buster","人","圣晶石常驻&友情点召唤","6890","9506"
"106","贞德〔Alter〕","ジャンヌ・ダルク〔オルタ〕","Jeanne d'Arc (Alter)","https://fgo.wiki/w/%E8%B4%9E%E5%BE%B7%E3%80%94Alter%E3%80%95","https://media.fgo.wiki/5/54/Servant106.jpg","金卡","Avenger","Buster","单体","Quick&Arts&Arts&Buster&Buster","人","期间限定","13244","11761"
"107","安哥拉曼纽","アンリマユ","Aŋra Mainiiu","https://fgo.wiki/w/%E5%AE%89%E5%93%A5%E6%8B%89%E6%9B%BC%E7%BA%BD","https://media.fgo.wiki/8/85/Servant107.jpg","","Avenger","Arts","辅助","Quick&Quick&Arts&Arts&Buster","人","友情点召唤","5683","7981"
"108","伊斯坎达尔","イスカンダル","Iskandar","https://fgo.wiki/w/%E4%BC%8A%E6%96%AF%E5%9D%8E%E8%BE%BE%E5%B0%94","https://media.fgo.wiki/9/98/Servant108.jpg","金卡","Rider","Buster","全体","Quick&Arts&Arts&Buster&Buster","人","期间限定","11560","13219"
"109","卫宫〔Assassin〕","エミヤ〔アサシン〕","Emiya (Assassin)","https://fgo.wiki/w/%E5%8D%AB%E5%AE%AB%E3%80%94Assassin%E3%80%95","https://media.fgo.wiki/a/a3/Servant109.jpg","金卡","Assassin","Arts","单体","Quick&Quick&Arts&Arts&Buster","人","圣晶石常驻","8958","11168"
"110","百貌哈桑","百貌のハサン","Hassan of the Hundred Personas","https://fgo.wiki/w/%E7%99%BE%E8%B2%8C%E5%93%88%E6%A1%91","https://media.fgo.wiki/a/ab/Servant110.jpg","银卡","Assassin","Arts","单体","Quick&Quick&Arts&Arts&Buster","人","圣晶石常驻&友情点召唤","6686","9310"
"111","爱丽丝菲尔〔天之衣〕","アイリスフィール〔天の衣〕","Irisviel (Holy Grail)","https://fgo.wiki/w/%E7%88%B1%E4%B8%BD%E4%B8%9D%E8%8F%B2%E5%B0%94%E3%80%94%E5%A4%A9%E4%B9%8B%E8%A1%A3%E3%80%95","https://media.fgo.wiki/c/c8/Servant111.jpg","金卡","Caster","Arts","辅助","Quick&Arts&Arts&Arts&Buster","天","活动赠送","8237","12476"
"112","酒吞童子","酒呑童子","Shuten-Douji","https://fgo.wiki/w/%E9%85%92%E5%90%9E%E7%AB%A5%E5%AD%90","https://media.fgo.wiki/6/60/Servant112.jpg","金卡","Assassin","Arts","全体","Quick&Quick&Arts&Arts&Buster","地","期间限定","11993","12825"
"113","玄奘三藏","玄奘三蔵","Xuanzang Sanzang","https://fgo.wiki/w/%E7%8E%84%E5%A5%98%E4%B8%89%E8%97%8F","https://media.fgo.wiki/e/e0/Servant113.jpg","金卡","Caster","Buster","单体","Quick&Arts&Arts&Arts&Buster","人","圣晶石常驻","11658","12965"
"114","源赖光","源頼光","Minamoto-no-Raikou","https://fgo.wiki/w/%E6%BA%90%E8%B5%96%E5%85%89","https://media.fgo.wiki/d/d0/Servant114.jpg","金卡","Berserker","Buster","全体","Quick&Arts&Arts&Buster&Buster","天","期间限定","11556","13500"
"115","坂田金时","坂田金時","Sakata Kintoki","https://fgo.wiki/w/%E5%9D%82%E7%94%B0%E9%87%91%E6%97%B6(Rider)","https://media.fgo.wiki/6/6b/Servant115.jpg","金卡","Rider","Quick","单体","Quick&Quick&Arts&Buster&Buster","地","活动赠送","9819","10800"
"116","茨木童子","茨木童子","Ibaraki-Douji","https://fgo.wiki/w/%E8%8C%A8%E6%9C%A8%E7%AB%A5%E5%AD%90","https://media.fgo.wiki/8/88/Servant116.jpg","金卡","Berserker","Buster","单体","Quick&Arts&Buster&Buster&Buster","地","圣晶石常驻","9636","10954"
"117","风魔小太郎","風魔小太郎","Fuuma ""Evil-wind"" Kotarou","https://fgo.wiki/w/%E9%A3%8E%E9%AD%94%E5%B0%8F%E5%A4%AA%E9%83%8E","https://media.fgo.wiki/a/aa/Servant117.jpg","银卡","Assassin","Quick","全体","Quick&Quick&Quick&Arts&Buster","人","圣晶石常驻&友情点召唤","7091","8844"
"118","奥斯曼狄斯","オジマンディアス","Ozymandias","https://fgo.wiki/w/%E5%A5%A5%E6%96%AF%E6%9B%BC%E7%8B%84%E6%96%AF","https://media.fgo.wiki/f/ff/Servant118.jpg","金卡","Rider","Buster","单体","Quick&Arts&Arts&Buster&Buster","天","圣晶石常驻","11971","12830"
"119","阿尔托莉雅·潘德拉贡","アルトリア・ペンドラゴン","Altria Pendragon","https://fgo.wiki/w/%E9%98%BF%E5%B0%94%E6%89%98%E8%8E%89%E9%9B%85%C2%B7%E6%BD%98%E5%BE%B7%E6%8B%89%E8%B4%A1(Lancer)","https://media.fgo.wiki/6/6c/Servant119.jpg","金卡","Lancer","Buster","全体","Quick&Quick&Arts&Buster&Buster","天","剧情限定","10995","15606"
"120","尼托克丽丝","ニトクリス","Nitocris","https://fgo.wiki/w/%E5%B0%BC%E6%89%98%E5%85%8B%E4%B8%BD%E4%B8%9D","https://media.fgo.wiki/a/a0/Servant120.jpg","金卡","Caster","Arts","全体","Quick&Arts&Arts&Arts&Buster","地","圣晶石常驻","9060","11288"
"121","兰斯洛特","ランスロット","Lancelot","https://fgo.wiki/w/%E5%85%B0%E6%96%AF%E6%B4%9B%E7%89%B9(Saber)","https://media.fgo.wiki/2/24/Servant121.jpg","金卡","Saber","Arts","单体","Quick&Arts&Arts&Buster&Buster","地","圣晶石常驻","9949","11589"
"122","崔斯坦","トリスタン","Tristan","https://fgo.wiki/w/%E5%B4%94%E6%96%AF%E5%9D%A6","https://media.fgo.wiki/d/d5/Servant122.jpg","金卡","Archer","Quick","单体","Quick&Quick&Arts&Arts&Buster","地","剧情限定","9735","11637"
"123","高文","ガウェイン","Gawain","https://fgo.wiki/w/%E9%AB%98%E6%96%87","https://media.fgo.wiki/e/e9/Servant123.jpg","金卡","Saber","Buster","全体","Quick&Arts&Buster&Buster&Buster","地","剧情限定","10173","11419"
"124","静谧哈桑","静謐のハサン","Hassan of the Serenity","https://fgo.wiki/w/%E9%9D%99%E8%B0%A7%E5%93%88%E6%A1%91","https://media.fgo.wiki/b/b7/Servant124.jpg","银卡","Assassin","Arts","单体","Quick&Quick&Arts&Arts&Buster","人","圣晶石常驻&友情点召唤","6636","9310"
"125","俵藤太","俵藤太","Tawara Touta","https://fgo.wiki/w/%E4%BF%B5%E8%97%A4%E5%A4%AA","https://media.fgo.wiki/0/06/Servant125.jpg","银卡","Archer","Buster","全体","Quick&Arts&Arts&Buster&Buster","人","圣晶石常驻&友情点召唤","7032","9800"
"126","贝德维尔","ベディヴィエール","Bedivere","https://fgo.wiki/w/%E8%B4%9D%E5%BE%B7%E7%BB%B4%E5%B0%94","https://media.fgo.wiki/b/b8/Servant126.jpg","银卡","Saber","Buster","单体","Quick&Quick&Arts&Buster&Buster","星","通关报酬&剧情限定","7627","9595"
"127","莱昂纳多·达·芬奇","レオナルド・ダ・ヴィンチ","Leonardo da Vinci","https://fgo.wiki/w/%E8%8E%B1%E6%98%82%E7%BA%B3%E5%A4%9A%C2%B7%E8%BE%BE%C2%B7%E8%8A%AC%E5%A5%87","https://media.fgo.wiki/0/02/Servant127.jpg","金卡","Caster","Arts","全体","Quick&Arts&Arts&Arts&Buster","星","期间限定","10598","14259"
"128","玉藻前","玉藻の前","Tamamo-no-Mae","https://fgo.wiki/w/%E7%8E%89%E8%97%BB%E5%89%8D(Lancer)","https://media.fgo.wiki/c/c4/Servant128.jpg","金卡","Lancer","Buster","单体","Quick&Quick&Arts&Buster&Buster","天","期间限定","10726","15147"
"129","阿尔托莉雅·潘德拉贡","アルトリア・ペンドラゴン","Altria Pendragon","https://fgo.wiki/w/%E9%98%BF%E5%B0%94%E6%89%98%E8%8E%89%E9%9B%85%C2%B7%E6%BD%98%E5%BE%B7%E6%8B%89%E8%B4%A1(Archer)","https://media.fgo.wiki/2/29/Servant129.jpg","金卡","Archer","Arts","单体","Quick&Quick&Arts&Arts&Buster","地","期间限定","11276","14553"
"130","玛丽·安托瓦内特","マリー・アントワネット","Marie Antoinette","https://fgo.wiki/w/%E7%8E%9B%E4%B8%BD%C2%B7%E5%AE%89%E6%89%98%E7%93%A6%E5%86%85%E7%89%B9(Caster)","https://media.fgo.wiki/d/d0/Servant130.jpg","金卡","Caster","Arts","全体","Quick&Arts&Arts&Arts&Buster","人","期间限定","9060","11404"
"131","安妮·伯妮＆玛莉·瑞德","アン・ボニー＆メアリー・リード","Anne Bonny & Mary Read","https://fgo.wiki/w/%E5%AE%89%E5%A6%AE%C2%B7%E4%BC%AF%E5%A6%AE%EF%BC%86%E7%8E%9B%E8%8E%89%C2%B7%E7%91%9E%E5%BE%B7(Archer)","https://media.fgo.wiki/c/c5/Servant131.jpg","金卡","Archer","Buster","单体","Quick&Arts&Arts&Buster&Buster","人","期间限定","9446","11521"
"132","莫德雷德","モードレッド","Mordred","https://fgo.wiki/w/%E8%8E%AB%E5%BE%B7%E9%9B%B7%E5%BE%B7(Rider)","https://media.fgo.wiki/8/85/Servant132.jpg","金卡","Rider","Arts","全体","Quick&Quick&Arts&Arts&Buster","地","期间限定","9212","11400"
"133","斯卡哈","スカサハ","Scáthach","https://fgo.wiki/w/%E6%96%AF%E5%8D%A1%E5%93%88(Assassin)","https://media.fgo.wiki/5/5c/Servant133.jpg","金卡","Assassin","Quick","全体","Quick&Quick&Quick&Arts&Buster","星","活动赠送","9049","11168"
"134","清姬","清姫","Kiyohime","https://fgo.wiki/w/%E6%B8%85%E5%A7%AC(Lancer)","https://media.fgo.wiki/6/68/Servant134.jpg","金卡","Lancer","Buster","单体","Quick&Quick&Arts&Buster&Buster","地","期间限定","8936","11870"
"135","玛尔达","マルタ","Martha","https://fgo.wiki/w/%E7%8E%9B%E5%B0%94%E8%BE%BE(Ruler)","https://media.fgo.wiki/5/56/Servant135.jpg","金卡","Ruler","Buster","单体","Quick&Arts&Buster&Buster&Buster","人","期间限定","9546","11250"
"136","伊莉雅丝菲尔·冯·爱因兹贝伦","イリヤスフィール・フォン・アインツベルン","Illyasviel von Einzbern","https://fgo.wiki/w/%E4%BC%8A%E8%8E%89%E9%9B%85%E4%B8%9D%E8%8F%B2%E5%B0%94%C2%B7%E5%86%AF%C2%B7%E7%88%B1%E5%9B%A0%E5%85%B9%E8%B4%9D%E4%BC%A6","https://media.fgo.wiki/b/bb/Servant136.jpg","金卡","Caster","Buster","单体","Quick&Arts&Arts&Arts&Buster","人","期间限定","10857","13825"
"137","克洛伊·冯·爱因兹贝伦","クロエ・フォン・アインツベルン","Chloe von Einzbern","https://fgo.wiki/w/%E5%85%8B%E6%B4%9B%E4%BC%8A%C2%B7%E5%86%AF%C2%B7%E7%88%B1%E5%9B%A0%E5%85%B9%E8%B4%9D%E4%BC%A6","https://media.fgo.wiki/a/a1/Servant137.jpg","金卡","Archer","Arts","单体","Quick&Quick&Arts&Arts&Buster","天","活动赠送","9845","10914"
"138","伊丽莎白·巴托里〔勇者〕","エリザベート・バートリー〔ブレイブ〕","Elisabeth Báthory (Brave)","https://fgo.wiki/w/%E4%BC%8A%E4%B8%BD%E8%8E%8E%E7%99%BD%C2%B7%E5%B7%B4%E6%89%98%E9%87%8C%E3%80%94%E5%8B%87%E8%80%85%E3%80%95","https://media.fgo.wiki/5/5a/Servant138.jpg","金卡","Saber","Buster","单体","Quick&Arts&Arts&Buster&Buster","地","活动赠送","9899","11248"
"139","克娄巴特拉","クレオパトラ","Cleopatra","https://fgo.wiki/w/%E5%85%8B%E5%A8%84%E5%B7%B4%E7%89%B9%E6%8B%89","https://media.fgo.wiki/c/c2/Servant139.jpg","金卡","Assassin","Buster","全体","Quick&Quick&Arts&Buster&Buster","人","期间限定","11088","13402"
"140","弗拉德三世〔EXTRA〕","ヴラド三世〔EXTRA〕","Vlad III (EXTRA)","https://fgo.wiki/w/%E5%BC%97%E6%8B%89%E5%BE%B7%E4%B8%89%E4%B8%96%E3%80%94EXTRA%E3%80%95","https://media.fgo.wiki/8/81/Servant140.jpg","金卡","Lancer","Buster","单体","Quick&Quick&Arts&Buster&Buster","人","圣晶石常驻","8775","13005"
"141","贞德·Alter·Santa·Lily","ジャンヌ・ダルク・オルタ・サンタ・リリィ","Jeanne d'Arc Alter Santa Lily","https://fgo.wiki/w/%E8%B4%9E%E5%BE%B7%C2%B7Alter%C2%B7Santa%C2%B7Lily","https://media.fgo.wiki/6/68/Servant141.jpg","金卡","Lancer","Buster","全体","Quick&Quick&Arts&Buster&Buster","人","活动赠送","9261","11870"
"142","伊什塔尔","イシュタル","Ishtar","https://fgo.wiki/w/%E4%BC%8A%E4%BB%80%E5%A1%94%E5%B0%94","https://media.fgo.wiki/b/b0/Servant142.jpg","金卡","Archer","Buster","全体","Quick&Arts&Arts&Buster&Buster","天","期间限定","12252","13965"
"143","恩奇都","エルキドゥ","Enkidu","https://fgo.wiki/w/%E6%81%A9%E5%A5%87%E9%83%BD","https://media.fgo.wiki/9/99/Servant143.jpg","金卡","Lancer","Buster","单体","Quick&Quick&Quick&Arts&Buster","天","圣晶石常驻","10780","15300"
"144","魁札尔·科亚特尔","ケツァル・コアトル","Quetzalcoatl","https://fgo.wiki/w/%E9%AD%81%E6%9C%AD%E5%B0%94%C2%B7%E7%A7%91%E4%BA%9A%E7%89%B9%E5%B0%94","https://media.fgo.wiki/d/d8/Servant144.jpg","金卡","Rider","Buster","单体","Quick&Arts&Arts&Buster&Buster","天","剧情限定","12001","12960"
"145","吉尔伽美什","ギルガメッシュ","Gilgamesh","https://fgo.wiki/w/%E5%90%89%E5%B0%94%E4%BC%BD%E7%BE%8E%E4%BB%80(Caster)","https://media.fgo.wiki/4/46/Servant145.jpg","金卡","Caster","Arts","全体","Quick&Arts&Arts&Arts&Buster","人","圣晶石常驻","8460","12005"
"146","美杜莎","メドゥーサ","Medusa","https://fgo.wiki/w/%E7%BE%8E%E6%9D%9C%E8%8E%8E(Lancer)","https://media.fgo.wiki/6/60/Servant146.jpg","金卡","Lancer","Quick","单体","Quick&Quick&Arts&Arts&Buster","地","圣晶石常驻","8253","13119"
"147","戈耳工","ゴルゴーン","Gorgon","https://fgo.wiki/w/%E6%88%88%E8%80%B3%E5%B7%A5","https://media.fgo.wiki/5/54/Servant147.jpg","金卡","Avenger","Buster","全体","Quick&Arts&Arts&Buster&Buster","地","剧情限定","10706","10197"
"148","豹人","ジャガーマン","Jaguar Warrior","https://fgo.wiki/w/%E8%B1%B9%E4%BA%BA","https://media.fgo.wiki/d/df/Servant148.jpg","银卡","Lancer","Buster","单体","Quick&Quick&Arts&Buster&Buster","地","通关报酬&剧情限定","7022","9593"
"149","提亚马特","ティアマト","Tiamat","https://fgo.wiki/w/%E6%8F%90%E4%BA%9A%E9%A9%AC%E7%89%B9","https://media.fgo.wiki/6/64/Servant149.jpg","","BeastⅡ","","","","兽","无法获得","",""
"150","梅林","マーリン","Merlin","https://fgo.wiki/w/%E6%A2%85%E6%9E%97","https://media.fgo.wiki/0/04/Servant150.jpg","金卡","Caster","Arts","辅助","Quick&Arts&Arts&Arts&Buster","地","期间限定","10546","14259"
"151","盖提亚","ゲーティア","Goetia","https://fgo.wiki/w/%E7%9B%96%E6%8F%90%E4%BA%9A","https://media.fgo.wiki/b/b3/Servant151.jpg","","BeastⅠ","","","","兽","无法获得","",""
"152","所罗门","ソロモン","Solomon","https://fgo.wiki/w/%E6%89%80%E7%BD%97%E9%97%A8(Caster)","https://media.fgo.wiki/f/f2/Servant152.jpg","金卡","Caster","","","","地","无法获得","",""
"153","宫本武藏","宮本武蔵","Miyamoto Musashi","https://fgo.wiki/w/%E5%AE%AB%E6%9C%AC%E6%AD%A6%E8%97%8F","https://media.fgo.wiki/b/b7/Servant153.jpg","金卡","Saber","Buster","单体","Quick&Arts&Buster&Buster&Buster","人","期间限定","12037","13635"
"154","“山中老人”","“山の翁”","""First Hassan""","https://fgo.wiki/w/%E2%80%9C%E5%B1%B1%E4%B8%AD%E8%80%81%E4%BA%BA%E2%80%9D","https://media.fgo.wiki/6/65/Servant154.jpg","金卡","Assassin","Buster","单体","Quick&Arts&Buster&Buster&Buster","人","期间限定","11848","13338"
"155","谜之女主角X〔Alter〕","謎のヒロインＸ〔オルタ〕","Mysterious Heroine X (Alter)","https://fgo.wiki/w/%E8%B0%9C%E4%B9%8B%E5%A5%B3%E4%B8%BB%E8%A7%92X%E3%80%94Alter%E3%80%95","https://media.fgo.wiki/9/9c/Servant155.jpg","金卡","Berserker","Quick","单体","Quick&Quick&Arts&Buster&Buster","星","期间限定","11113","14175"
"156","新宿的Archer","新宿のアーチャー","Archer of Shinjuku","https://fgo.wiki/w/%E6%96%B0%E5%AE%BF%E7%9A%84Archer","https://media.fgo.wiki/c/c2/Servant156.jpg","金卡","Archer","Buster","单体","Quick&Arts&Arts&Arts&Buster","人","期间限定","11781","13685"
"157","卫宫〔Alter〕","エミヤ〔オルタ〕","Emiya (Alter)","https://fgo.wiki/w/%E5%8D%AB%E5%AE%AB%E3%80%94Alter%E3%80%95","https://media.fgo.wiki/8/8a/Servant157.jpg","金卡","Archer","Arts","单体","Quick&Quick&Arts&Arts&Buster","人","剧情限定","8996","12250"
"158","新宿的Avenger","新宿のアヴェンジャー","Avenger of Shinjuku","https://fgo.wiki/w/%E6%96%B0%E5%AE%BF%E7%9A%84Avenger","https://media.fgo.wiki/c/cc/Servant158.jpg","金卡","Avenger","Quick","单体","Quick&Quick&Arts&Arts&Buster","地","圣晶石常驻","10628","9949"
"159","新宿的Assassin","新宿のアサシン","Assassin of Shinjuku","https://fgo.wiki/w/%E6%96%B0%E5%AE%BF%E7%9A%84Assassin","https://media.fgo.wiki/e/e2/Servant159.jpg","金卡","Assassin","Quick","单体","Quick&Quick&Quick&Arts&Buster","人","圣晶石常驻","8661","11637"
"160","亚瑟·潘德拉贡〔Prototype〕","アーサー・ペンドラゴン〔プロトタイプ〕","Arthur Pendragon (Prototype)","https://fgo.wiki/w/%E4%BA%9A%E7%91%9F%C2%B7%E6%BD%98%E5%BE%B7%E6%8B%89%E8%B4%A1%E3%80%94Prototype%E3%80%95","https://media.fgo.wiki/2/25/Servant160.jpg","金卡","Saber","Buster","全体","Quick&Arts&Arts&Buster&Buster","地","期间限定","12465","13975"
"161","土方岁三","土方歳三","Hijikata Toshizo","https://fgo.wiki/w/%E5%9C%9F%E6%96%B9%E5%B2%81%E4%B8%89","https://media.fgo.wiki/9/9c/Servant161.jpg","金卡","Berserker","Buster","单体","Quick&Quick&Arts&Buster&Buster","人","期间限定","12089","12028"
"162","茶茶","茶々","Chacha","https://fgo.wiki/w/%E8%8C%B6%E8%8C%B6","https://media.fgo.wiki/5/5b/Servant162.jpg","金卡","Berserker","Buster","全体","Quick&Arts&Buster&Buster&Buster","人","活动赠送","8945","11025"
"163","Meltryllis","メルトリリス","Meltryllis","https://fgo.wiki/w/Meltryllis","https://media.fgo.wiki/4/43/Servant163.jpg","金卡","Alterego","Quick","单体","Quick&Quick&Arts&Buster&Buster","地","期间限定","11692","13402"
"164","Passionlip","パッションリップ","Passionlip","https://fgo.wiki/w/Passionlip","https://media.fgo.wiki/c/cb/Servant164.jpg","金卡","Alterego","Buster","全体","Quick&Arts&Buster&Buster&Buster","地","期间限定","10299","10901"
"165","铃鹿御前","鈴鹿御前","Suzuka Gozen","https://fgo.wiki/w/%E9%93%83%E9%B9%BF%E5%BE%A1%E5%89%8D","https://media.fgo.wiki/0/0e/Servant165.jpg","金卡","Saber","Buster","全体","Quick&Arts&Arts&Buster&Buster","天","圣晶石常驻","9544","11753"
"166","BB","ＢＢ","BB","https://fgo.wiki/w/BB","https://media.fgo.wiki/3/3b/Servant166.jpg","金卡","MoonCancer","Arts","单体","Quick&Quick&Arts&Arts&Buster","人","活动赠送","8197","13643"
"167","杀生院祈荒","殺生院キアラ","Sessyoin Kiara","https://fgo.wiki/w/%E6%9D%80%E7%94%9F%E9%99%A2%E7%A5%88%E8%8D%92","https://media.fgo.wiki/d/dc/Servant167.jpg","金卡","Alterego","Arts","全体","Quick&Arts&Arts&Buster&Buster","兽","期间限定","11668","14606"
"168","BeastⅢ／R","ビーストⅢ／Ｒ","BeastⅢ/R","https://fgo.wiki/w/Beast%E2%85%A2%EF%BC%8FR","https://media.fgo.wiki/2/21/Servant168.jpg","","BeastⅢ/R","","","","兽","无法获得","",""
"169","不夜城的Caster","不夜城のキャスター","Caster of the Nightless City","https://fgo.wiki/w/%E4%B8%8D%E5%A4%9C%E5%9F%8E%E7%9A%84Caster","https://media.fgo.wiki/d/db/Servant169.jpg","金卡","Caster","Arts","全体","Quick&Arts&Arts&Arts&Buster","人","圣晶石常驻","9212","15846"
"170","不夜城的Assassin","不夜城のアサシン","Assassin of the Nightless City","https://fgo.wiki/w/%E4%B8%8D%E5%A4%9C%E5%9F%8E%E7%9A%84Assassin","https://media.fgo.wiki/7/75/Servant170.jpg","金卡","Assassin","Quick","单体","Quick&Quick&Arts&Buster&Buster","人","圣晶石常驻","8981","10942"
"171","黄金国的Berserker","エルドラドのバーサーカー","Berserker of El Dorado","https://fgo.wiki/w/%E9%BB%84%E9%87%91%E5%9B%BD%E7%9A%84Berserker","https://media.fgo.wiki/5/54/Servant171.jpg","金卡","Berserker","Buster","单体","Quick&Arts&Buster&Buster&Buster","地","圣晶石常驻","10502","10175"
"172","反抗军的Rider","レジスタンスのライダー","Rider of the Resistance","https://fgo.wiki/w/%E5%8F%8D%E6%8A%97%E5%86%9B%E7%9A%84Rider","https://media.fgo.wiki/8/80/Servant172.jpg","银卡","Rider","Buster","全体","Quick&Arts&Arts&Buster&Buster","人","剧情限定","6552","9600"
"173","夏洛克·福尔摩斯","シャーロック・ホームズ","Sherlock Holmes","https://fgo.wiki/w/%E5%A4%8F%E6%B4%9B%E5%85%8B%C2%B7%E7%A6%8F%E5%B0%94%E6%91%A9%E6%96%AF","https://media.fgo.wiki/e/e3/Servant173.jpg","金卡","Ruler","Arts","辅助","Quick&Quick&Arts&Arts&Buster","星","期间限定","11495","13365"
"174","保罗·班扬","ポール・バニヤン","Paul Bunyan","https://fgo.wiki/w/%E4%BF%9D%E7%BD%97%C2%B7%E7%8F%AD%E6%89%AC","https://media.fgo.wiki/d/d2/Servant174.jpg","铜卡","Berserker","Buster","全体","Quick&Arts&Buster&Buster&Buster","地","活动赠送","6044","6196"
"175","尼禄·克劳狄乌斯","ネロ・クラウディウス","Nero Claudius","https://fgo.wiki/w/%E5%B0%BC%E7%A6%84%C2%B7%E5%85%8B%E5%8A%B3%E7%8B%84%E4%B9%8C%E6%96%AF(Caster)","https://media.fgo.wiki/e/e4/Servant175.jpg","金卡","Caster","Buster","全体","Quick&Arts&Arts&Buster&Buster","人","期间限定","10857","13685"
"176","弗兰肯斯坦","フランケンシュタイン","Frankenstein","https://fgo.wiki/w/%E5%BC%97%E5%85%B0%E8%82%AF%E6%96%AF%E5%9D%A6(Saber)","https://media.fgo.wiki/4/45/Servant176.jpg","金卡","Saber","Quick","单体","Quick&Quick&Arts&Buster&Buster","地","期间限定","9353","11993"
"177","尼托克丽丝","ニトクリス","Nitocris","https://fgo.wiki/w/%E5%B0%BC%E6%89%98%E5%85%8B%E4%B8%BD%E4%B8%9D(Assassin)","https://media.fgo.wiki/7/74/Servant177.jpg","金卡","Assassin","Arts","全体","Quick&Quick&Arts&Arts&Buster","天","期间限定","8812","11518"
"178","织田信长","織田信長","Oda Nobunaga","https://fgo.wiki/w/%E7%BB%87%E7%94%B0%E4%BF%A1%E9%95%BF(Berserker)","https://media.fgo.wiki/e/e0/Servant178.jpg","金卡","Berserker","Buster","单体","Quick&Arts&Buster&Buster&Buster","人","期间限定","10146","10023"
"179","阿尔托莉雅·潘德拉贡〔Alter〕","アルトリア・ペンドラゴン〔オルタ〕","Altria Pendragon (Alter)","https://fgo.wiki/w/%E9%98%BF%E5%B0%94%E6%89%98%E8%8E%89%E9%9B%85%C2%B7%E6%BD%98%E5%BE%B7%E6%8B%89%E8%B4%A1%E3%80%94Alter%E3%80%95(Rider)","https://media.fgo.wiki/9/9a/Servant179.jpg","金卡","Rider","Quick","单体","Quick&Quick&Arts&Arts&Buster","人","期间限定","10776","14256"
"180","海伦娜·布拉瓦茨基","エレナ・ブラヴァツキー","Helena Blavatsky","https://fgo.wiki/w/%E6%B5%B7%E4%BC%A6%E5%A8%9C%C2%B7%E5%B8%83%E6%8B%89%E7%93%A6%E8%8C%A8%E5%9F%BA(Archer)","https://media.fgo.wiki/7/75/Servant180.jpg","金卡","Archer","Arts","全体","Quick&Quick&Arts&Arts&Buster","人","期间限定","9446","11404"
"181","源赖光","源頼光","Minamoto-no-Raikou","https://fgo.wiki/w/%E6%BA%90%E8%B5%96%E5%85%89(Lancer)","https://media.fgo.wiki/6/65/Servant181.jpg","金卡","Lancer","Buster","单体","Quick&Quick&Arts&Buster&Buster","天","期间限定","9168","12112"
"182","伊什塔尔","イシュタル","Ishtar","https://fgo.wiki/w/%E4%BC%8A%E4%BB%80%E5%A1%94%E5%B0%94(Rider)","https://media.fgo.wiki/8/8c/Servant182.jpg","金卡","Rider","Quick","全体","Quick&Quick&Arts&Arts&Buster","天","活动赠送","9603","10692"
"183","帕尔瓦蒂","パールヴァティー","Pārvatī","https://fgo.wiki/w/%E5%B8%95%E5%B0%94%E7%93%A6%E8%92%82","https://media.fgo.wiki/7/75/Servant183.jpg","金卡","Lancer","Quick","全体","Quick&Quick&Arts&Buster&Buster","天","圣晶石常驻","8127","13253"
"184","Archer Inferno","アーチャー・インフェルノ","Archer of Inferno","https://fgo.wiki/w/Archer%20Inferno","https://media.fgo.wiki/f/f1/Servant184.jpg","金卡","Archer","Buster","单体","Quick&Arts&Arts&Buster&Buster","地","圣晶石常驻","9946","10804"
"185","Assassin Paraiso","アサシン・パライソ","Assassin of Paraíso","https://fgo.wiki/w/Assassin%20Paraiso","https://media.fgo.wiki/d/d7/Servant185.jpg","金卡","Assassin","Arts","单体","Quick&Quick&Arts&Arts&Buster","地","圣晶石常驻","8510","11637"
"186","宝藏院胤舜","宝蔵院胤舜","Houzouin Inshun","https://fgo.wiki/w/%E5%AE%9D%E8%97%8F%E9%99%A2%E8%83%A4%E8%88%9C","https://media.fgo.wiki/4/43/Servant186.jpg","银卡","Lancer","Arts","辅助","Quick&Quick&Quick&Arts&Buster","人","圣晶石常驻&友情点召唤","6791","9996"
"187","柳生但马守宗矩","柳生但馬守宗矩","Yagyu Tajima-no-kami Munenori","https://fgo.wiki/w/%E6%9F%B3%E7%94%9F%E4%BD%86%E9%A9%AC%E5%AE%88%E5%AE%97%E7%9F%A9","https://media.fgo.wiki/9/9c/Servant187.jpg","金卡","Saber","Arts","单体","Quick&Arts&Arts&Buster&Buster","人","剧情限定","9999","11135"
"188","加藤段藏","加藤段蔵","Katou ""Black Kite"" Danzo","https://fgo.wiki/w/%E5%8A%A0%E8%97%A4%E6%AE%B5%E8%97%8F","https://media.fgo.wiki/b/b1/Servant188.jpg","金卡","Assassin","Buster","全体","Quick&Quick&Arts&Buster&Buster","地","剧情限定","8935","11055"
"189","刑部姬","刑部姫","Osakabehime","https://fgo.wiki/w/%E5%88%91%E9%83%A8%E5%A7%AC","https://media.fgo.wiki/a/aa/Servant189.jpg","金卡","Assassin","Quick","辅助","Quick&Quick&Arts&Arts&Buster","地","圣晶石常驻","10824","13822"
"190","机械伊丽亲","メカエリチャン","Mecha Eli-chan","https://fgo.wiki/w/%E6%9C%BA%E6%A2%B0%E4%BC%8A%E4%B8%BD%E4%BA%B2","https://media.fgo.wiki/e/e0/Servant190.jpg","金卡","Alterego","Buster","单体","Quick&Arts&Buster&Buster&Buster","人","活动赠送","9997","10901"
"191","机械伊丽亲Ⅱ号机","メカエリチャンⅡ号機","Mecha Eli-chan Mk. Ⅱ","https://fgo.wiki/w/%E6%9C%BA%E6%A2%B0%E4%BC%8A%E4%B8%BD%E4%BA%B2%E2%85%A1%E5%8F%B7%E6%9C%BA","https://media.fgo.wiki/0/0f/Servant191.jpg","金卡","Alterego","Buster","单体","Quick&Arts&Buster&Buster&Buster","人","活动赠送","9997","10901"
"192","俄刻阿诺斯的Caster","オケアノスのキャスター","Caster of Okeanos","https://fgo.wiki/w/%E4%BF%84%E5%88%BB%E9%98%BF%E8%AF%BA%E6%96%AF%E7%9A%84Caster","https://media.fgo.wiki/7/77/Servant192.jpg","金卡","Caster","Buster","单体","Quick&Arts&Arts&Arts&Buster","天","圣晶石常驻","8671","12250"
"193","哪吒","哪吒","Nezha","https://fgo.wiki/w/%E5%93%AA%E5%90%92","https://media.fgo.wiki/1/1a/Servant193.jpg","金卡","Lancer","Buster","全体","Quick&Quick&Arts&Buster&Buster","天","圣晶石常驻","9284","12112"
"194","米德拉什的Caster","ミドラーシュのキャスター","Caster of Midrash","https://fgo.wiki/w/%E7%B1%B3%E5%BE%B7%E6%8B%89%E4%BB%80%E7%9A%84Caster","https://media.fgo.wiki/d/d0/Servant194.jpg","金卡","Caster","Arts","单体","Quick&Arts&Arts&Buster&Buster","人","剧情限定","8629","12127"
"195","阿比盖尔·威廉姆斯","アビゲイル・ウィリアムズ","Abigail Williams","https://fgo.wiki/w/%E9%98%BF%E6%AF%94%E7%9B%96%E5%B0%94%C2%B7%E5%A8%81%E5%BB%89%E5%A7%86%E6%96%AF","https://media.fgo.wiki/8/88/Servant195.jpg","金卡","Foreigner","Buster","单体","Quick&Arts&Arts&Arts&Buster","地","期间限定","12100","13770"
"196","埃列什基伽勒","エレシュキガル","Ereshkigal","https://fgo.wiki/w/%E5%9F%83%E5%88%97%E4%BB%80%E5%9F%BA%E4%BC%BD%E5%8B%92","https://media.fgo.wiki/f/f9/Servant196.jpg","金卡","Lancer","Buster","全体","Quick&Quick&Arts&Buster&Buster","地","期间限定","10343","16065"
"197","阿蒂拉·the·San〔ta〕","アルテラ・ザ・サン〔タ〕","Attila the San(ta)","https://fgo.wiki/w/%E9%98%BF%E8%92%82%E6%8B%89%C2%B7the%C2%B7San%E3%80%94ta%E3%80%95","https://media.fgo.wiki/4/48/Servant197.jpg","金卡","Archer","Quick","单体","Quick&Quick&Arts&Arts&Buster","星","活动赠送","9759","11637"
"198","葛饰北斋","葛飾北斎","Katsushika Hokusai","https://fgo.wiki/w/%E8%91%9B%E9%A5%B0%E5%8C%97%E6%96%8B","https://media.fgo.wiki/b/b3/Servant198.jpg","金卡","Foreigner","Arts","全体","Quick&Arts&Arts&Buster&Buster","人","期间限定","12100","13230"
"199","塞弥拉弥斯","セミラミス","Semiramis","https://fgo.wiki/w/%E5%A1%9E%E5%BC%A5%E6%8B%89%E5%BC%A5%E6%96%AF","https://media.fgo.wiki/4/4d/Servant199.jpg","金卡","Assassin","Buster","全体","Quick&Arts&Arts&Arts&Buster","地","期间限定","11309","13266"
"200","浅上藤乃","浅上藤乃","Asagami Fujino","https://fgo.wiki/w/%E6%B5%85%E4%B8%8A%E8%97%A4%E4%B9%83","https://media.fgo.wiki/c/c4/Servant200.jpg","金卡","Archer","Buster","单体","Quick&Arts&Arts&Buster&Buster","人","期间限定","10299","11025"
"201","阿纳斯塔西娅","アナスタシア","Anastasia","https://fgo.wiki/w/%E9%98%BF%E7%BA%B3%E6%96%AF%E5%A1%94%E8%A5%BF%E5%A8%85","https://media.fgo.wiki/a/ad/Servant201.jpg","金卡","Caster","Arts","全体","Quick&Arts&Arts&Arts&Buster","人","圣晶石常驻","10546","14259"
"202","阿塔兰忒〔Alter〕","アタランテ〔オルタ〕","Atalanta (Alter)","https://fgo.wiki/w/%E9%98%BF%E5%A1%94%E5%85%B0%E5%BF%92%E3%80%94Alter%E3%80%95","https://media.fgo.wiki/0/03/Servant202.jpg","金卡","Berserker","Quick","单体","Quick&Quick&Arts&Buster&Buster","地","圣晶石常驻","9806","10634"
"203","阿维斯布隆","アヴィケブロン","Avicebron","https://fgo.wiki/w/%E9%98%BF%E7%BB%B4%E6%96%AF%E5%B8%83%E9%9A%86","https://media.fgo.wiki/6/65/Servant203.jpg","银卡","Caster","Buster","全体","Quick&Arts&Arts&Arts&Buster","人","圣晶石常驻&友情点召唤","6376","9981"
"204","安东尼奥·萨列里","アントニオ・サリエリ","Antonio Salieri","https://fgo.wiki/w/%E5%AE%89%E4%B8%9C%E5%B0%BC%E5%A5%A5%C2%B7%E8%90%A8%E5%88%97%E9%87%8C","https://media.fgo.wiki/8/8f/Servant204.jpg","银卡","Avenger","Arts","全体","Quick&Arts&Arts&Buster&Buster","地","剧情限定","8125","7840"
"205","伊凡雷帝","イヴァン雷帝","Ivan the Terrible","https://fgo.wiki/w/%E4%BC%8A%E5%87%A1%E9%9B%B7%E5%B8%9D","https://media.fgo.wiki/6/60/Servant205.jpg","金卡","Rider","Buster","全体","Quick&Arts&Arts&Buster&Buster","人","期间限定","11619","13284"
"206","阿喀琉斯","アキレウス","Achilles","https://fgo.wiki/w/%E9%98%BF%E5%96%80%E7%90%89%E6%96%AF","https://media.fgo.wiki/1/18/Servant206.jpg","金卡","Rider","Quick","全体","Quick&Quick&Arts&Arts&Buster","地","圣晶石常驻","11883","13219"
"207","喀戎","ケイローン","Chiron","https://fgo.wiki/w/%E5%96%80%E6%88%8E","https://media.fgo.wiki/7/7d/Servant207.jpg","金卡","Archer","Arts","单体","Quick&Quick&Arts&Arts&Buster","天","圣晶石常驻","9294","12250"
"208","齐格","ジーク","Sieg","https://fgo.wiki/w/%E9%BD%90%E6%A0%BC","https://media.fgo.wiki/f/fd/Servant208.jpg","金卡","Caster","Arts","全体","Quick&Arts&Arts&Buster&Buster","人","活动赠送","8394","11288"
"209","冲田总司〔Alter〕","沖田総司〔オルタ〕","Okita Souji (Alter)","https://fgo.wiki/w/%E5%86%B2%E7%94%B0%E6%80%BB%E5%8F%B8%E3%80%94Alter%E3%80%95","https://media.fgo.wiki/f/ff/Servant209.jpg","金卡","Alterego","Buster","全体","Quick&Quick&Arts&Buster&Buster","人","期间限定","12465","12696"
"210","冈田以藏","岡田以蔵","Okada Izo","https://fgo.wiki/w/%E5%86%88%E7%94%B0%E4%BB%A5%E8%97%8F","https://media.fgo.wiki/8/89/Servant210.jpg","银卡","Assassin","Arts","单体","Quick&Quick&Arts&Arts&Buster","人","期间限定","6879","8844"
"211","坂本龙马","坂本龍馬","Sakamoto Ryouma","https://fgo.wiki/w/%E5%9D%82%E6%9C%AC%E9%BE%99%E9%A9%AC","https://media.fgo.wiki/d/dc/Servant211.jpg","金卡","Rider","Arts","单体","Quick&Arts&Arts&Buster&Buster","人","活动赠送","8555","11880"
"212","拿破仑","ナポレオン","Napoleon","https://fgo.wiki/w/%E6%8B%BF%E7%A0%B4%E4%BB%91","https://media.fgo.wiki/f/f9/Servant212.jpg","金卡","Archer","Buster","全体","Quick&Arts&Arts&Buster&Buster","星","圣晶石常驻","12033","13097"
"213","齐格鲁德","シグルド","Sigurd","https://fgo.wiki/w/%E9%BD%90%E6%A0%BC%E9%B2%81%E5%BE%B7","https://media.fgo.wiki/1/12/Servant213.jpg","金卡","Saber","Buster","单体","Quick&Arts&Arts&Buster&Buster","地","期间限定","12465","13975"
"214","瓦尔基里","ワルキューレ","Valkyrie","https://fgo.wiki/w/%E7%93%A6%E5%B0%94%E5%9F%BA%E9%87%8C","https://media.fgo.wiki/6/65/Servant214.jpg","金卡","Lancer","Quick","全体","Quick&Quick&Arts&Buster&Buster","天","圣晶石常驻","8037","14025"
"215","斯卡哈·斯卡蒂","スカサハ＝スカディ","Scáthach-Skadi","https://fgo.wiki/w/%E6%96%AF%E5%8D%A1%E5%93%88%C2%B7%E6%96%AF%E5%8D%A1%E8%92%82","https://media.fgo.wiki/8/89/Servant215.jpg","金卡","Caster","Arts","辅助","Quick&Quick&Arts&Arts&Buster","天","期间限定","10753","14406"
"216","贞德","ジャンヌ・ダルク","Jeanne d'Arc","https://fgo.wiki/w/%E8%B4%9E%E5%BE%B7(Archer)","https://media.fgo.wiki/3/35/Servant216.jpg","金卡","Archer","Arts","全体","Quick&Arts&Arts&Buster&Buster","人","期间限定","10525","15743"
"217","茨木童子","茨木童子","Ibaraki-Douji","https://fgo.wiki/w/%E8%8C%A8%E6%9C%A8%E7%AB%A5%E5%AD%90(Lancer)","https://media.fgo.wiki/b/be/Servant217.jpg","金卡","Lancer","Buster","单体","Quick&Quick&Arts&Buster&Buster","地","期间限定","9133","12354"
"218","牛若丸","牛若丸","Ushiwakamaru","https://fgo.wiki/w/%E7%89%9B%E8%8B%A5%E4%B8%B8(Assassin)","https://media.fgo.wiki/8/8f/Servant218.jpg","金卡","Assassin","Quick","全体","Quick&Quick&Quick&Arts&Buster","人","期间限定","9456","10580"
"219","贞德〔Alter〕","ジャンヌ・ダルク〔オルタ〕","Jeanne d'Arc (Alter)","https://fgo.wiki/w/%E8%B4%9E%E5%BE%B7%E3%80%94Alter%E3%80%95(Berserker)","https://media.fgo.wiki/f/f7/Servant219.jpg","金卡","Berserker","Buster","单体","Quick&Arts&Buster&Buster&Buster","人","活动赠送","10298","9922"
"220","BB","ＢＢ","BB","https://fgo.wiki/w/BB(SSR)","https://media.fgo.wiki/5/54/Servant220.jpg","金卡","MoonCancer","Buster","全体","Quick&Arts&Arts&Buster&Buster","地","期间限定","11182","14812"
"221","女王梅芙","女王メイヴ","Medb","https://fgo.wiki/w/%E5%A5%B3%E7%8E%8B%E6%A2%85%E8%8A%99(Saber)","https://media.fgo.wiki/3/36/Servant221.jpg","金卡","Saber","Arts","单体","Quick&Arts&Arts&Buster&Buster","地","期间限定","8017","13609"
"222","谜之女主角XX","謎のヒロインXX","Mysterious Heroine XX","https://fgo.wiki/w/%E8%B0%9C%E4%B9%8B%E5%A5%B3%E4%B8%BB%E8%A7%92XX","https://media.fgo.wiki/3/35/Servant222.jpg","金卡","Foreigner","Arts","单体","Quick&Arts&Arts&Buster&Buster","星","期间限定","9751","11250"
"223","迪尔姆德·奥迪那","ディルムッド・オディナ","Diarmuid Ua Duibhne","https://fgo.wiki/w/%E8%BF%AA%E5%B0%94%E5%A7%86%E5%BE%B7%C2%B7%E5%A5%A5%E8%BF%AA%E9%82%A3(Saber)","https://media.fgo.wiki/5/57/Servant223.jpg","金卡","Saber","Quick","单体","Quick&Quick&Arts&Buster&Buster","地","圣晶石常驻","10048","11362"
"224","志度内","シトナイ","Sitonai","https://fgo.wiki/w/%E5%BF%97%E5%BA%A6%E5%86%85","https://media.fgo.wiki/9/99/Servant224.jpg","金卡","Alterego","Arts","单体","Quick&Arts&Arts&Buster&Buster","天","剧情限定","11668","13965"
"225","酒吞童子","酒呑童子","Shuten-Douji","https://fgo.wiki/w/%E9%85%92%E5%90%9E%E7%AB%A5%E5%AD%90(Caster)","https://media.fgo.wiki/4/4e/Servant225.jpg","金卡","Caster","Buster","单体","Quick&Arts&Arts&Arts&Buster","地","活动赠送","9538","11025"
"226","项羽","項羽","Xiang Yu","https://fgo.wiki/w/%E9%A1%B9%E7%BE%BD","https://media.fgo.wiki/f/fc/Servant226.jpg","金卡","Berserker","Quick","全体","Quick&Arts&Buster&Buster&Buster","人","圣晶石常驻","11613","13770"
"227","兰陵王","蘭陵王","Prince of Lan Ling","https://fgo.wiki/w/%E5%85%B0%E9%99%B5%E7%8E%8B","https://media.fgo.wiki/0/0e/Servant227.jpg","金卡","Saber","Arts","辅助","Quick&Arts&Arts&Buster&Buster","人","圣晶石常驻","9112","12625"
"228","秦良玉","秦良玉","Qin Liangyu","https://fgo.wiki/w/%E7%A7%A6%E8%89%AF%E7%8E%89","https://media.fgo.wiki/2/20/Servant228.jpg","金卡","Lancer","Arts","辅助","Quick&Quick&Arts&Arts&Buster","人","圣晶石常驻","8295","13387"
"229","始皇帝","始皇帝","Qin Shi Huang","https://fgo.wiki/w/%E5%A7%8B%E7%9A%87%E5%B8%9D","https://media.fgo.wiki/3/3d/Servant229.jpg","金卡","Ruler","Arts","辅助","Quick&Arts&Arts&Buster&Buster","人","期间限定","9977","15828"
"230","虞美人","虞美人","Yu Mei-ren","https://fgo.wiki/w/%E8%99%9E%E7%BE%8E%E4%BA%BA","https://media.fgo.wiki/9/96/Servant230.jpg","金卡","Assassin","Buster","全体","Quick&Quick&Arts&Buster&Buster","地","剧情限定","7970","13389"
"231","赤兔马","赤兎馬","Red Hare","https://fgo.wiki/w/%E8%B5%A4%E5%85%94%E9%A9%AC","https://media.fgo.wiki/4/45/Servant231.jpg","银卡","Rider","Quick","全体","Quick&Quick&Arts&Arts&Buster","地","剧情限定","6434","10483"
"232","布拉达曼特","ブラダマンテ","Bradamante","https://fgo.wiki/w/%E5%B8%83%E6%8B%89%E8%BE%BE%E6%9B%BC%E7%89%B9","https://media.fgo.wiki/1/15/Servant232.jpg","金卡","Lancer","Quick","全体","Quick&Quick&Arts&Arts&Buster","地","圣晶石常驻","10833","15682"
"233","魁札尔·科亚特尔〔桑巴／圣诞〕","ケツァル・コアトル〔サンバ／サンタ〕","Quetzalcoatl (Samba/Santa)","https://fgo.wiki/w/%E9%AD%81%E6%9C%AD%E5%B0%94%C2%B7%E7%A7%91%E4%BA%9A%E7%89%B9%E5%B0%94%E3%80%94%E6%A1%91%E5%B7%B4%EF%BC%8F%E5%9C%A3%E8%AF%9E%E3%80%95","https://media.fgo.wiki/d/df/Servant233.jpg","金卡","Ruler","Buster","全体","Quick&Quick&Arts&Buster&Buster","天","活动赠送","9687","11306"
"234","红阎魔","紅閻魔","Beni-Enma","https://fgo.wiki/w/%E7%BA%A2%E9%98%8E%E9%AD%94","https://media.fgo.wiki/0/00/Servant234.jpg","金卡","Saber","Arts","单体","Quick&Arts&Arts&Buster&Buster","地","期间限定","11607","13960"
"235","李书文","李書文","Li Shuwen","https://fgo.wiki/w/%E6%9D%8E%E4%B9%A6%E6%96%87(Assassin)","https://media.fgo.wiki/5/56/Servant235.jpg","金卡","Assassin","Arts","单体","Quick&Arts&Arts&Buster&Buster","人","剧情限定","11470","12568"
"236","美游·艾德费尔特","美遊・エーデルフェルト","Miyu Edelfelt","https://fgo.wiki/w/%E7%BE%8E%E6%B8%B8%C2%B7%E8%89%BE%E5%BE%B7%E8%B4%B9%E5%B0%94%E7%89%B9","https://media.fgo.wiki/c/cd/Servant236.jpg","金卡","Caster","Arts","辅助","Quick&Arts&Arts&Arts&Buster","人","期间限定","8629","12005"
"237","紫式部","紫式部","Murasaki Shikibu","https://fgo.wiki/w/%E7%B4%AB%E5%BC%8F%E9%83%A8","https://media.fgo.wiki/7/77/Servant237.jpg","金卡","Caster","Arts","全体","Quick&Quick&Arts&Arts&Buster","人","期间限定","11374","12833"
"238","Kingprotea","キングプロテア","Kingprotea","https://fgo.wiki/w/Kingprotea","https://media.fgo.wiki/e/e8/Servant238.jpg","金卡","Alterego","Buster","全体","Quick&Arts&Arts&Buster&Buster","地","期间限定","12835","13338"
"239","迦摩","カーマ","Kama","https://fgo.wiki/w/%E8%BF%A6%E6%91%A9","https://media.fgo.wiki/4/47/Servant239.jpg","金卡","Assassin","Quick","单体","Quick&Quick&Arts&Buster&Buster","天","期间限定","11528","12889"
"240","BeastⅢ／L","ビーストⅢ／L","BeastⅢ/L","https://fgo.wiki/w/Beast%E2%85%A2%EF%BC%8FL","https://media.fgo.wiki/e/e6/Servant240.jpg","","BeastⅢ/L","","","","兽","无法获得","",""
"241","司马懿〔莱妮丝〕","司馬懿〔ライネス〕","Sima Yi (Reines)","https://fgo.wiki/w/%E5%8F%B8%E9%A9%AC%E6%87%BF%E3%80%94%E8%8E%B1%E5%A6%AE%E4%B8%9D%E3%80%95","https://media.fgo.wiki/6/6f/Servant241.jpg","金卡","Rider","Arts","辅助","Quick&Quick&Arts&Arts&Buster","人","期间限定","11427","13543"
"242","阿斯特赖亚","アストライア","Astraea","https://fgo.wiki/w/%E9%98%BF%E6%96%AF%E7%89%B9%E8%B5%96%E4%BA%9A","https://media.fgo.wiki/8/87/Servant242.jpg","金卡","Ruler","Arts","单体","Quick&Arts&Arts&Buster&Buster","天","圣晶石常驻","9734","11531"
"243","格蕾","グレイ","Gray","https://fgo.wiki/w/%E6%A0%BC%E8%95%BE","https://media.fgo.wiki/f/f8/Servant243.jpg","金卡","Assassin","Buster","全体","Quick&Quick&Quick&Arts&Buster","人","活动赠送","9456","10580"
"244","伟大的石像神","大いなる石像神","Great Stone Statue God","https://fgo.wiki/w/%E4%BC%9F%E5%A4%A7%E7%9A%84%E7%9F%B3%E5%83%8F%E7%A5%9E","https://media.fgo.wiki/6/6e/Servant244.jpg","金卡","MoonCancer","Arts","全体","Quick&Arts&Arts&Arts&Buster","天","圣晶石常驻","9166","17844"
"245","拉克什米·芭伊","ラクシュミー・バーイー","Lakshmi Bai","https://fgo.wiki/w/%E6%8B%89%E5%85%8B%E4%BB%80%E7%B1%B3%C2%B7%E8%8A%AD%E4%BC%8A","https://media.fgo.wiki/f/f4/Servant245.jpg","金卡","Saber","Quick","全体","Quick&Quick&Arts&Buster&Buster","人","圣晶石常驻","9949","11362"
"246","威廉·退尔","ウィリアム・テル","William Tell","https://fgo.wiki/w/%E5%A8%81%E5%BB%89%C2%B7%E9%80%80%E5%B0%94","https://media.fgo.wiki/8/82/Servant246.jpg","银卡","Archer","Arts","单体","Quick&Arts&Arts&Buster&Buster","人","圣晶石常驻&友情点召唤","7384","9310"
"247","阿周那〔Alter〕","アルジュナ〔オルタ〕","Arjuna (Alter)","https://fgo.wiki/w/%E9%98%BF%E5%91%A8%E9%82%A3%E3%80%94Alter%E3%80%95","https://media.fgo.wiki/a/a2/Servant247.jpg","金卡","Berserker","Buster","全体","Quick&Arts&Buster&Buster&Buster","天","期间限定","11669","13837"
"248","马嘶","アシュヴァッターマン","Aśvatthāman","https://fgo.wiki/w/%E9%A9%AC%E5%98%B6","https://media.fgo.wiki/d/d2/Servant248.jpg","金卡","Archer","Buster","单体","Quick&Quick&Arts&Buster&Buster","天","剧情限定","10249","11245"
"249","阿斯克勒庇俄斯","アスクレピオス","Asclepius","https://fgo.wiki/w/%E9%98%BF%E6%96%AF%E5%85%8B%E5%8B%92%E5%BA%87%E4%BF%84%E6%96%AF","https://media.fgo.wiki/6/6f/Servant249.jpg","银卡","Caster","Arts","辅助","Quick&Arts&Arts&Arts&Buster","地","剧情限定","6376","10084"
"250","织田信长","織田信長","Oda Nobunaga","https://fgo.wiki/w/%E7%BB%87%E7%94%B0%E4%BF%A1%E9%95%BF(Avenger)","https://media.fgo.wiki/3/38/Servant250.jpg","金卡","Avenger","Buster","全体","Quick&Arts&Buster&Buster&Buster","地","期间限定","12641","11761"
"251","森长可","森長可","Mori Nagayoshi","https://fgo.wiki/w/%E6%A3%AE%E9%95%BF%E5%8F%AF","https://media.fgo.wiki/a/ab/Servant251.jpg","银卡","Berserker","Buster","单体","Quick&Arts&Arts&Buster&Buster","人","期间限定","7732","8019"
"252","长尾景虎","長尾景虎","Nagao Kagetora","https://fgo.wiki/w/%E9%95%BF%E5%B0%BE%E6%99%AF%E8%99%8E","https://media.fgo.wiki/a/a7/Servant252.jpg","金卡","Lancer","Arts","单体","Quick&Arts&Arts&Buster&Buster","人","活动赠送","9617","11360"
"253","莱昂纳多·达·芬奇","レオナルド・ダ・ヴィンチ","Leonardo da Vinci","https://fgo.wiki/w/%E8%8E%B1%E6%98%82%E7%BA%B3%E5%A4%9A%C2%B7%E8%BE%BE%C2%B7%E8%8A%AC%E5%A5%87(Rider)","https://media.fgo.wiki/5/56/Servant253.jpg","金卡","Rider","Arts","全体","Quick&Arts&Arts&Buster&Buster","人","期间限定","10883","14112"
"254","伊阿宋","イアソン","Jason","https://fgo.wiki/w/%E4%BC%8A%E9%98%BF%E5%AE%8B","https://media.fgo.wiki/3/38/Servant254.jpg","铜卡","Saber","Arts","全体","Quick&Arts&Arts&Buster&Buster","地","友情点召唤","5457","7575"
"255","帕里斯","パリス","Paris","https://fgo.wiki/w/%E5%B8%95%E9%87%8C%E6%96%AF","https://media.fgo.wiki/c/c6/Servant255.jpg","铜卡","Archer","Quick","单体","Quick&Quick&Arts&Arts&Buster","地","友情点召唤","6523","7834"
"256","加雷斯","ガレス","Gareth","https://fgo.wiki/w/%E5%8A%A0%E9%9B%B7%E6%96%AF","https://media.fgo.wiki/1/1c/Servant256.jpg","铜卡","Lancer","Buster","单体","Quick&Quick&Arts&Buster&Buster","地","友情点召唤","5413","9537"
"257","巴沙洛缪·罗伯茨","バーソロミュー・ロバーツ","Bartholomew Roberts","https://fgo.wiki/w/%E5%B7%B4%E6%B2%99%E6%B4%9B%E7%BC%AA%C2%B7%E7%BD%97%E4%BC%AF%E8%8C%A8","https://media.fgo.wiki/5/5a/Servant257.jpg","铜卡","Rider","Quick","全体","Quick&Quick&Arts&Arts&Buster","人","友情点召唤","5461","6720"
"258","陈宫","陳宮","Chen Gong","https://fgo.wiki/w/%E9%99%88%E5%AE%AB","https://media.fgo.wiki/b/b4/Servant258.jpg","铜卡","Caster","Arts","全体","Quick&Arts&Arts&Arts&Buster","人","友情点召唤","6119","7755"
"259","夏洛特·科黛","シャルロット・コルデー","Charlotte Corday","https://fgo.wiki/w/%E5%A4%8F%E6%B4%9B%E7%89%B9%C2%B7%E7%A7%91%E9%BB%9B","https://media.fgo.wiki/d/d3/Servant259.jpg","铜卡","Assassin","Arts","单体","Quick&Quick&Arts&Arts&Buster","人","友情点召唤","5488","6220"
"260","莎乐美","サロメ","Salome","https://fgo.wiki/w/%E8%8E%8E%E4%B9%90%E7%BE%8E","https://media.fgo.wiki/6/60/Servant260.jpg","铜卡","Berserker","Arts","单体","Quick&Arts&Arts&Buster&Buster","地","友情点召唤","6884","6885"
"261","宫本武藏","宮本武蔵","Miyamoto Musashi","https://fgo.wiki/w/%E5%AE%AB%E6%9C%AC%E6%AD%A6%E8%97%8F(Berserker)","https://media.fgo.wiki/2/2d/Servant261.jpg","金卡","Berserker","Arts","全体","Quick&Arts&Arts&Buster&Buster","人","期间限定","12712","12150"
"262","刑部姬","刑部姫","Osakabehime","https://fgo.wiki/w/%E5%88%91%E9%83%A8%E5%A7%AC(Archer)","https://media.fgo.wiki/6/62/Servant262.jpg","金卡","Archer","Buster","全体","Quick&Arts&Arts&Arts&Buster","地","期间限定","8895","12476"
"263","卡米拉","カーミラ","Carmilla","https://fgo.wiki/w/%E5%8D%A1%E7%B1%B3%E6%8B%89(Rider)","https://media.fgo.wiki/4/40/Servant263.jpg","金卡","Rider","Quick","全体","Quick&Quick&Arts&Arts&Buster","地","期间限定","9651","10476"
"264","葛饰北斋","葛飾北斎","Katsushika Hokusai","https://fgo.wiki/w/%E8%91%9B%E9%A5%B0%E5%8C%97%E6%96%8B(Saber)","https://media.fgo.wiki/e/e9/Servant264.jpg","金卡","Saber","Arts","单体","Quick&Quick&Arts&Arts&Buster","人","活动赠送","9389","11873"
"265","阿尔托莉雅·潘德拉贡","アルトリア・ペンドラゴン","Altria Pendragon","https://fgo.wiki/w/%E9%98%BF%E5%B0%94%E6%89%98%E8%8E%89%E9%9B%85%C2%B7%E6%BD%98%E5%BE%B7%E6%8B%89%E8%B4%A1(Ruler)","https://media.fgo.wiki/8/8a/Servant265.jpg","金卡","Ruler","Buster","全体","Quick&Quick&Arts&Buster&Buster","天","期间限定","9593","16912"
"266","谜之Alterego·Λ","謎のアルターエゴ・Λ","Mysterious Alter Ego Λ","https://fgo.wiki/w/%E8%B0%9C%E4%B9%8BAlterego%C2%B7%CE%9B","https://media.fgo.wiki/8/8c/Servant266.jpg","金卡","Lancer","Arts","全体","Quick&Quick&Arts&Arts&Buster","地","期间限定","9261","11749"
"267","冲田·J·总司","オキタ・Ｊ・ソウジ","Okita J. Souji","https://fgo.wiki/w/%E5%86%B2%E7%94%B0%C2%B7J%C2%B7%E6%80%BB%E5%8F%B8","https://media.fgo.wiki/f/fd/Servant267.jpg","金卡","Assassin","Quick","全体","Quick&Quick&Quick&Arts&Buster","人","期间限定","9337","10366"
"268","太空伊什塔尔","スペース・イシュタル","Space Ishtar","https://fgo.wiki/w/%E5%A4%AA%E7%A9%BA%E4%BC%8A%E4%BB%80%E5%A1%94%E5%B0%94","https://media.fgo.wiki/5/56/Servant268.jpg","金卡","Avenger","Arts","全体","Quick&Arts&Arts&Buster&Buster","星","期间限定","12612","13041"
"269","灾星简","カラミティ・ジェーン","Calamity Jane","https://fgo.wiki/w/%E7%81%BE%E6%98%9F%E7%AE%80","https://media.fgo.wiki/4/49/Servant269.jpg","金卡","Archer","Quick","单体","Quick&Quick&Arts&Arts&Buster","人","期间限定","8996","12495"
"270","阿斯托尔福","アストルフォ","Astolfo","https://fgo.wiki/w/%E9%98%BF%E6%96%AF%E6%89%98%E5%B0%94%E7%A6%8F(Saber)","https://media.fgo.wiki/b/b0/Servant270.jpg","金卡","Saber","Quick","单体","Quick&Quick&Arts&Arts&Buster","地","期间限定","11694","14248"
"271","南丁格尔〔圣诞〕","ナイチンゲール〔サンタ〕","Florence Nightingale (Santa)","https://fgo.wiki/w/%E5%8D%97%E4%B8%81%E6%A0%BC%E5%B0%94%E3%80%94%E5%9C%A3%E8%AF%9E%E3%80%95","https://media.fgo.wiki/0/08/Servant271.jpg","金卡","Archer","Quick","全体","Quick&Quick&Arts&Arts&Buster","人","活动赠送","9858","11080"
"272","超人俄里翁","超人オリオン","Super Orion","https://fgo.wiki/w/%E8%B6%85%E4%BA%BA%E4%BF%84%E9%87%8C%E7%BF%81","https://media.fgo.wiki/0/0b/Servant272.jpg","金卡","Archer","Arts","辅助","Quick&Arts&Buster&Buster&Buster","地","期间限定","12557","13494"
"273","曼迪卡尔多","マンドリカルド","Mandricardo","https://fgo.wiki/w/%E6%9B%BC%E8%BF%AA%E5%8D%A1%E5%B0%94%E5%A4%9A","https://media.fgo.wiki/f/f5/Servant273.jpg","银卡","Rider","Arts","单体","Quick&Quick&Arts&Arts&Buster","人","圣晶石常驻&友情点召唤","6756","9600"
"274","欧罗巴","エウロペ","Europa","https://fgo.wiki/w/%E6%AC%A7%E7%BD%97%E5%B7%B4","https://media.fgo.wiki/a/ad/Servant274.jpg","金卡","Rider","Buster","全体","Quick&Arts&Arts&Buster&Buster","天","圣晶石常驻","11737","12571"
"275","杨贵妃","楊貴妃","Yang Guifei","https://fgo.wiki/w/%E6%9D%A8%E8%B4%B5%E5%A6%83","https://media.fgo.wiki/d/d7/Servant275.jpg","金卡","Foreigner","Arts","单体","Quick&Quick&Arts&Arts&Buster","人","期间限定","12342","13365"
"276","清少纳言","清少納言","Sei Shonagon","https://fgo.wiki/w/%E6%B8%85%E5%B0%91%E7%BA%B3%E8%A8%80","https://media.fgo.wiki/6/62/Servant276.jpg","金卡","Archer","Quick","全体","Quick&Quick&Arts&Arts&Buster","人","期间限定","12218","12965"
"277","奥德修斯","オデュッセウス","Odysseus","https://fgo.wiki/w/%E5%A5%A5%E5%BE%B7%E4%BF%AE%E6%96%AF","https://media.fgo.wiki/d/db/Servant277.jpg","金卡","Rider","Arts","全体","Quick&Quick&Arts&Arts&Buster","地","圣晶石常驻","11795","13284"
"278","狄俄斯库里","ディオスクロイ","Dioscuri","https://fgo.wiki/w/%E7%8B%84%E4%BF%84%E6%96%AF%E5%BA%93%E9%87%8C","https://media.fgo.wiki/8/88/Servant278.jpg","金卡","Saber","Arts","单体","Quick&Quick&Arts&Arts&Buster","天","圣晶石常驻","11840","14824"
"279","凯妮斯","カイニス","Caenis","https://fgo.wiki/w/%E5%87%AF%E5%A6%AE%E6%96%AF","https://media.fgo.wiki/c/c7/Servant279.jpg","金卡","Lancer","Buster","全体","Quick&Quick&Arts&Buster&Buster","地","剧情限定","9896","11532"
"280","罗穆路斯·奎里努斯","ロムルス＝クィリヌス","Romulus=Quirinus","https://fgo.wiki/w/%E7%BD%97%E7%A9%86%E8%B7%AF%E6%96%AF%C2%B7%E5%A5%8E%E9%87%8C%E5%8A%AA%E6%96%AF","https://media.fgo.wiki/5/55/Servant280.jpg","金卡","Lancer","Buster","全体","Quick&Arts&Arts&Buster&Buster","天","期间限定","12273","13632"
"281","旅行者","ボイジャー","Voyager","https://fgo.wiki/w/%E6%97%85%E8%A1%8C%E8%80%85","https://media.fgo.wiki/3/32/Servant281.jpg","金卡","Foreigner","Quick","全体","Quick&Quick&Arts&Arts&Buster","星","期间限定","10450","15592"
"282","鬼女红叶","鬼女紅葉","Kijyo Koyo","https://fgo.wiki/w/%E9%AC%BC%E5%A5%B3%E7%BA%A2%E5%8F%B6","https://media.fgo.wiki/8/8a/Servant282.jpg","金卡","Berserker","Buster","单体","Quick&Arts&Buster&Buster&Buster","地","期间限定","9177","11250"
"283","宇津见绘里濑","宇津見エリセ","Utsumi Erice","https://fgo.wiki/w/%E5%AE%87%E6%B4%A5%E8%A7%81%E7%BB%98%E9%87%8C%E6%BF%91","https://media.fgo.wiki/f/f1/Servant283.jpg","金卡","Lancer","Arts","全体","Quick&Quick&Arts&Arts&Buster","人","活动赠送","9122","11991"
"284","阿尔托莉雅·卡斯特","アルトリア・キャスター","Altria Caster","https://fgo.wiki/w/%E9%98%BF%E5%B0%94%E6%89%98%E8%8E%89%E9%9B%85%C2%B7%E5%8D%A1%E6%96%AF%E7%89%B9","https://media.fgo.wiki/d/d9/Servant284.jpg","金卡","Caster","Arts","辅助","Quick&Arts&Arts&Arts&Buster","星","期间限定","10546","14406"
"285","杀生院祈荒","殺生院キアラ","Sessyoin Kiara","https://fgo.wiki/w/%E6%9D%80%E7%94%9F%E9%99%A2%E7%A5%88%E8%8D%92(MoonCancer)","https://media.fgo.wiki/6/61/Servant285.jpg","金卡","MoonCancer","Arts","全体","Quick&Arts&Arts&Buster&Buster","地","期间限定","11128","15336"
"286","伊莉雅丝菲尔·冯·爱因兹贝伦","イリヤスフィール・フォン・アインツベルン","Illyasviel von Einzbern","https://fgo.wiki/w/%E4%BC%8A%E8%8E%89%E9%9B%85%E4%B8%9D%E8%8F%B2%E5%B0%94%C2%B7%E5%86%AF%C2%B7%E7%88%B1%E5%9B%A0%E5%85%B9%E8%B4%9D%E4%BC%A6(Archer)","https://media.fgo.wiki/f/fa/Servant286.jpg","金卡","Archer","Quick","全体","Quick&Quick&Arts&Arts&Buster","人","期间限定","10098","10914"
"287","布伦希尔德","ブリュンヒルデ","Brynhild","https://fgo.wiki/w/%E5%B8%83%E4%BC%A6%E5%B8%8C%E5%B0%94%E5%BE%B7(Berserker)","https://media.fgo.wiki/7/72/Servant287.jpg","金卡","Berserker","Buster","全体","Quick&Arts&Buster&Buster&Buster","天","期间限定","10197","10023"
"288","虞美人","虞美人","Yu Mei-ren","https://fgo.wiki/w/%E8%99%9E%E7%BE%8E%E4%BA%BA(Lancer)","https://media.fgo.wiki/4/42/Servant288.jpg","金卡","Lancer","Quick","单体","Quick&Quick&Arts&Buster&Buster","地","活动赠送","9896","11245"
"289","阿比盖尔·威廉姆斯〔夏〕","アビゲイル・ウィリアムズ〔夏〕","Abigail Williams","https://fgo.wiki/w/%E9%98%BF%E6%AF%94%E7%9B%96%E5%B0%94%C2%B7%E5%A8%81%E5%BB%89%E5%A7%86%E6%96%AF%E3%80%94%E5%A4%8F%E3%80%95","https://media.fgo.wiki/d/d6/Servant289.jpg","金卡","Foreigner","Buster","全体","Quick&Quick&Arts&Buster&Buster","地","期间限定","11781","14250"
"290","巴御前","巴御前","Tomoe Gozen","https://fgo.wiki/w/%E5%B7%B4%E5%BE%A1%E5%89%8D(Saber)","https://media.fgo.wiki/9/9f/Servant290.jpg","金卡","Saber","Arts","全体","Quick&Arts&Arts&Buster&Buster","地","期间限定","9544","12233"
"291","紫式部","紫式部","Murasaki Shikibu","https://fgo.wiki/w/%E7%B4%AB%E5%BC%8F%E9%83%A8(Rider)","https://media.fgo.wiki/7/71/Servant291.jpg","金卡","Rider","Arts","单体","Quick&Quick&Arts&Arts&Buster","人","期间限定","8730","11880"
"292","卑弥呼","卑弥呼","Himiko","https://fgo.wiki/w/%E5%8D%91%E5%BC%A5%E5%91%BC","https://media.fgo.wiki/3/37/Servant292.jpg","金卡","Ruler","Buster","辅助","Quick&Arts&Arts&Buster&Buster","地","期间限定","10659","15000"
"293","斋藤一","斎藤一","Saitou Hajime","https://fgo.wiki/w/%E6%96%8B%E8%97%A4%E4%B8%80","https://media.fgo.wiki/1/1d/Servant293.jpg","金卡","Saber","Arts","单体","Quick&Arts&Arts&Buster&Buster","人","期间限定","9425","11873"
"294","织田信胜","織田信勝","Oda Nobukatsu","https://fgo.wiki/w/%E7%BB%87%E7%94%B0%E4%BF%A1%E8%83%9C","https://media.fgo.wiki/0/05/Servant294.jpg","铜卡","Archer","Buster","辅助","Quick&Quick&Arts&Buster&Buster","人","期间限定","5116","7563"
"295","梵高","ヴァン・ゴッホ","Van Gogh","https://fgo.wiki/w/%E6%A2%B5%E9%AB%98","https://media.fgo.wiki/a/a7/Servant295.jpg","金卡","Foreigner","Arts","辅助","Quick&Quick&Quick&Arts&Buster","地","期间限定","11220","15000"
"296","尼莫","ネモ","Nemo","https://fgo.wiki/w/%E5%B0%BC%E8%8E%AB","https://media.fgo.wiki/c/ca/Servant296.jpg","金卡","Rider","Arts","单体","Quick&Arts&Arts&Buster&Buster","天","圣晶石常驻","11427","13680"
"297","芦屋道满","蘆屋道満","Ashiya Douman","https://fgo.wiki/w/%E8%8A%A6%E5%B1%8B%E9%81%93%E6%BB%A1","https://media.fgo.wiki/5/53/Servant297.jpg","金卡","Alterego","Quick","全体","Quick&Quick&Arts&Arts&Buster","地","期间限定","12252","13266"
"298","渡边纲","渡辺綱","Watanabe-no-Tsuna","https://fgo.wiki/w/%E6%B8%A1%E8%BE%B9%E7%BA%B2","https://media.fgo.wiki/2/20/Servant298.jpg","金卡","Saber","Buster","单体","Quick&Arts&Arts&Buster&Buster","人","圣晶石常驻","10123","11248"
"299","伊吹童子","伊吹童子","Ibuki-Douji","https://fgo.wiki/w/%E4%BC%8A%E5%90%B9%E7%AB%A5%E5%AD%90","https://media.fgo.wiki/f/fa/Servant299.jpg","金卡","Saber","Buster","全体","Quick&Arts&Buster&Buster&Buster","天","期间限定","12709","13498"
"300","弗栗多","ヴリトラ","Vritra","https://fgo.wiki/w/%E5%BC%97%E6%A0%97%E5%A4%9A","https://media.fgo.wiki/3/3e/Servant300.jpg","金卡","Lancer","Arts","全体","Quick&Quick&Arts&Arts&Buster","天","圣晶石常驻","12332","13632"
"301","迦尔纳〔圣诞〕","カルナ〔サンタ〕","Karna (Santa)","https://fgo.wiki/w/%E8%BF%A6%E5%B0%94%E7%BA%B3%E3%80%94%E5%9C%A3%E8%AF%9E%E3%80%95","https://media.fgo.wiki/c/cc/Servant301.jpg","金卡","Saber","Quick","单体","Quick&Quick&Arts&Buster&Buster","天","活动赠送","9180","12877"
"302","千子村正","千子村正","Senji Muramasa","https://fgo.wiki/w/%E5%8D%83%E5%AD%90%E6%9D%91%E6%AD%A3","https://media.fgo.wiki/9/95/Servant302.jpg","金卡","Saber","Arts","全体","Quick&Arts&Arts&Buster&Buster","人","期间限定","11373","14680"
"303","平景清","平景清","Taira-no-Kagekiyo","https://fgo.wiki/w/%E5%B9%B3%E6%99%AF%E6%B8%85","https://media.fgo.wiki/f/f2/Servant303.jpg","金卡","Avenger","Quick","单体","Quick&Quick&Arts&Arts&Buster","地","期间限定","12705","12117"
"304","鬼一法眼","鬼一法眼","Kiichi Hogen","https://fgo.wiki/w/%E9%AC%BC%E4%B8%80%E6%B3%95%E7%9C%BC","https://media.fgo.wiki/2/29/Servant304.jpg","金卡","Assassin","Quick","全体","Quick&Quick&Arts&Buster&Buster","地","活动赠送","9434","11168"
"305","阿摩耳〔卡莲〕","アムール〔カレン〕","Amor (Caren)","https://fgo.wiki/w/%E9%98%BF%E6%91%A9%E8%80%B3%E3%80%94%E5%8D%A1%E8%8E%B2%E3%80%95","https://media.fgo.wiki/a/ad/Servant305.jpg","金卡","Ruler","Quick","全体","Quick&Quick&Arts&Arts&Buster","天","期间限定","11351","13837"
"306","伽拉忒亚","ガラテア","Galatea","https://fgo.wiki/w/%E4%BC%BD%E6%8B%89%E5%BF%92%E4%BA%9A","https://media.fgo.wiki/a/a4/Servant306.jpg","金卡","Berserker","Arts","单体","Quick&Arts&Buster&Buster&Buster","地","圣晶石常驻","11414","14040"
"307","克莱恩小姐","ミス・クレーン","Miss Crane","https://fgo.wiki/w/%E5%85%8B%E8%8E%B1%E6%81%A9%E5%B0%8F%E5%A7%90","https://media.fgo.wiki/1/1a/Servant307.jpg","金卡","Caster","Arts","辅助","Quick&Arts&Arts&Arts&Buster","地","期间限定","9749","14971"
"308","谜之偶像X〔Alter〕","謎のアイドルX〔オルタ〕","Mysterious Idol X (Alter)","https://fgo.wiki/w/%E8%B0%9C%E4%B9%8B%E5%81%B6%E5%83%8FX%E3%80%94Alter%E3%80%95","https://media.fgo.wiki/4/43/Servant308.jpg","金卡","Foreigner","Quick","全体","Quick&Quick&Arts&Buster&Buster","星","活动赠送","9045","12375"
"309","摩根","モルガン","Morgan","https://fgo.wiki/w/%E6%91%A9%E6%A0%B9","https://media.fgo.wiki/5/5f/Servant309.jpg","金卡","Berserker","Buster","全体","Quick&Arts&Arts&Buster&Buster","地","期间限定","12193","12440"
"310","妖精骑士高文","妖精騎士ガウェイン","Tam Lin Gawain","https://fgo.wiki/w/%E5%A6%96%E7%B2%BE%E9%AA%91%E5%A3%AB%E9%AB%98%E6%96%87","https://media.fgo.wiki/b/bc/Servant310.jpg","金卡","Saber","Buster","全体","Quick&Arts&Buster&Buster&Buster","地","剧情限定","8721","13521"
"311","妖精骑士崔斯坦","妖精騎士トリスタン","Tam Lin Tristan","https://fgo.wiki/w/%E5%A6%96%E7%B2%BE%E9%AA%91%E5%A3%AB%E5%B4%94%E6%96%AF%E5%9D%A6","https://media.fgo.wiki/c/c2/Servant311.jpg","金卡","Archer","Quick","单体","Quick&Quick&Arts&Arts&Buster","地","剧情限定","9455","12127"
"312","妖精骑士兰斯洛特","妖精騎士ランスロット","Tam Lin Lancelot","https://fgo.wiki/w/%E5%A6%96%E7%B2%BE%E9%AA%91%E5%A3%AB%E5%85%B0%E6%96%AF%E6%B4%9B%E7%89%B9","https://media.fgo.wiki/3/3b/Servant312.jpg","金卡","Lancer","Arts","单体","Quick&Arts&Arts&Buster&Buster","地","期间限定","12154","14114"
"313","珀西瓦尔","パーシヴァル","Percival","https://fgo.wiki/w/%E7%8F%80%E8%A5%BF%E7%93%A6%E5%B0%94","https://media.fgo.wiki/4/4b/Servant313.jpg","金卡","Lancer","Arts","全体","Quick&Arts&Arts&Buster&Buster","地","圣晶石常驻","9168","12112"
"314","光之高扬斯卡娅","光のコヤンスカヤ","Koyanskaya of Light","https://fgo.wiki/w/%E5%85%89%E4%B9%8B%E9%AB%98%E6%89%AC%E6%96%AF%E5%8D%A1%E5%A8%85","https://media.fgo.wiki/5/5e/Servant314.jpg","金卡","Assassin","Buster","全体","Quick&Quick&Arts&Buster&Buster","兽","期间限定","11616","13081"
"315","哈贝特洛特","ハベトロット","Habetrot","https://fgo.wiki/w/%E5%93%88%E8%B4%9D%E7%89%B9%E6%B4%9B%E7%89%B9","https://media.fgo.wiki/e/e9/Servant315.jpg","金卡","Rider","Arts","全体","Quick&Quick&Arts&Arts&Buster","地","通关报酬&友情点召唤","8642","11760"
"316","奥伯龙","オベロン","Oberon","https://fgo.wiki/w/%E5%A5%A5%E4%BC%AF%E9%BE%99","https://media.fgo.wiki/6/67/Servant316.jpg","金卡","Pretender","Buster","全体","Quick&Quick&Arts&Buster&Buster","地","期间限定","11810","13266"
"317","冲田总司〔Alter〕","沖田総司〔オルタ〕","Okita Souji (Alter)","https://fgo.wiki/w/%E5%86%B2%E7%94%B0%E6%80%BB%E5%8F%B8%E3%80%94Alter%E3%80%95(Saber)","https://media.fgo.wiki/3/3b/Servant317.jpg","金卡","Saber","Quick","全体","Quick&Quick&Arts&Buster&Buster","人","期间限定","12465","13635"
"318","阿纳斯塔西娅＆维","アナスタシア＆ヴィイ","Anastasia&Viy","https://fgo.wiki/w/%E9%98%BF%E7%BA%B3%E6%96%AF%E5%A1%94%E8%A5%BF%E5%A8%85%EF%BC%86%E7%BB%B4","https://media.fgo.wiki/e/e1/Servant318.jpg","金卡","Archer","Arts","单体","Quick&Quick&Arts&Arts&Buster","人","期间限定","9542","11288"
"319","夏洛特·科黛","シャルロット・コルデー","Charlotte Corday","https://fgo.wiki/w/%E5%A4%8F%E6%B4%9B%E7%89%B9%C2%B7%E7%A7%91%E9%BB%9B(Caster)","https://media.fgo.wiki/4/4c/Servant319.jpg","金卡","Caster","Arts","单体","Quick&Arts&Arts&Arts&Buster","人","期间限定","8417","11882"
"320","莱昂纳多·达·芬奇","レオナルド・ダ・ヴィンチ","Leonardo da Vinci","https://fgo.wiki/w/%E8%8E%B1%E6%98%82%E7%BA%B3%E5%A4%9A%C2%B7%E8%BE%BE%C2%B7%E8%8A%AC%E5%A5%87(Ruler)","https://media.fgo.wiki/5/5a/Servant320.jpg","金卡","Ruler","Buster","单体","Quick&Arts&Arts&Buster&Buster","人","活动赠送","9157","11756"
"321","迦摩","カーマ","Kama","https://fgo.wiki/w/%E8%BF%A6%E6%91%A9(Avenger)","https://media.fgo.wiki/d/d4/Servant321.jpg","金卡","Avenger","Arts","全体","Quick&Quick&Arts&Arts&Buster","天","期间限定","13213","11790"
"322","凯妮斯","カイニス","Caenis","https://fgo.wiki/w/%E5%87%AF%E5%A6%AE%E6%96%AF(Rider)","https://media.fgo.wiki/7/7e/Servant322.jpg","金卡","Rider","Buster","单体","Quick&Arts&Arts&Buster&Buster","地","期间限定","9506","10854"
"323","清少纳言","清少納言","Sei Shonagon","https://fgo.wiki/w/%E6%B8%85%E5%B0%91%E7%BA%B3%E8%A8%80(Berserker)","https://media.fgo.wiki/7/7c/Servant323.jpg","金卡","Berserker","Quick","单体","Quick&Arts&Buster&Buster&Buster","人","期间限定","9942","9922"
"324","雅克·德·莫莱","ジャック・ド・モレー","Jacques de Molay","https://fgo.wiki/w/%E9%9B%85%E5%85%8B%C2%B7%E5%BE%B7%C2%B7%E8%8E%AB%E8%8E%B1","https://media.fgo.wiki/9/99/Servant324.jpg","金卡","Foreigner","Quick","全体","Quick&Quick&Arts&Buster&Buster","地","期间限定","10868","16143"
"325","芝诺比阿","ゼノビア","Zenobia","https://fgo.wiki/w/%E8%8A%9D%E8%AF%BA%E6%AF%94%E9%98%BF","https://media.fgo.wiki/1/19/Servant325.jpg","金卡","Archer","Arts","全体","Quick&Quick&Arts&Arts&Buster","人","圣晶石常驻","9831","11695"
"326","伊丽莎白·巴托里〔灰姑娘〕","エリザベート・バートリー〔シンデレラ〕","Elisabeth Báthory (Cinderella)","https://fgo.wiki/w/%E4%BC%8A%E4%B8%BD%E8%8E%8E%E7%99%BD%C2%B7%E5%B7%B4%E6%89%98%E9%87%8C%E3%80%94%E7%81%B0%E5%A7%91%E5%A8%98%E3%80%95","https://media.fgo.wiki/2/2a/Servant326.jpg","金卡","Rider","Buster","单体","Quick&Arts&Arts&Buster&Buster","人","活动赠送","9166","11058"
"327","出云阿国","出雲阿国","Izumo-no-Okuni","https://fgo.wiki/w/%E5%87%BA%E4%BA%91%E9%98%BF%E5%9B%BD","https://media.fgo.wiki/4/49/Servant327.jpg","金卡","Caster","Quick","单体","Quick&Quick&Arts&Buster&Buster","人","期间限定","11374","12965"
"328","谜之兰丸X","謎の蘭丸X","Mysterious Ranmaru X","https://fgo.wiki/w/%E8%B0%9C%E4%B9%8B%E5%85%B0%E4%B8%B8X","https://media.fgo.wiki/6/6e/Servant328.jpg","金卡","Avenger","Arts","全体","Quick&Arts&Arts&Buster&Buster","星","活动赠送","9872","10241"
"329","坂本龙马","坂本龍馬","Sakamoto Ryouma","https://fgo.wiki/w/%E5%9D%82%E6%9C%AC%E9%BE%99%E9%A9%AC(Lancer)","https://media.fgo.wiki/e/ec/Servant329.jpg","金卡","Lancer","Arts","全体","Quick&Arts&Arts&Buster&Buster","人","期间限定","10753","15147"
"330","玛尔达〔圣诞〕","マルタ〔サンタ〕","Martha (Santa)","https://fgo.wiki/w/%E7%8E%9B%E5%B0%94%E8%BE%BE%E3%80%94%E5%9C%A3%E8%AF%9E%E3%80%95","https://media.fgo.wiki/1/1e/Servant330.jpg","金卡","Caster","Quick","辅助","Quick&Quick&Arts&Arts&Buster","人","活动赠送","8197","12605"
"331","太公望","太公望","Taigong Wang","https://fgo.wiki/w/%E5%A4%AA%E5%85%AC%E6%9C%9B","https://media.fgo.wiki/5/5d/Servant331.jpg","金卡","Rider","Quick","全体","Quick&Quick&Arts&Arts&Buster","地","圣晶石常驻","11651","13543"
"332","多布雷尼亚·尼基季奇","ドブルイニャ・ニキチッチ","Dobrynya Nikitich","https://fgo.wiki/w/%E5%A4%9A%E5%B8%83%E9%9B%B7%E5%B0%BC%E4%BA%9A%C2%B7%E5%B0%BC%E5%9F%BA%E5%AD%A3%E5%A5%87","https://media.fgo.wiki/7/72/Servant332.jpg","金卡","Rider","Buster","全体","Quick&Arts&Arts&Buster&Buster","地","圣晶石常驻","9795","10692"
"333","BeastⅣ","ビーストⅣ","BeastⅣ","https://fgo.wiki/w/Beast%E2%85%A3","https://media.fgo.wiki/0/0e/Servant333.jpg","","BeastⅣ(职阶)","","","","兽","无法获得","",""
"334","暗之高扬斯卡娅","闇のコヤンスカヤ","Koyanskaya of Dark","https://fgo.wiki/w/%E6%9A%97%E4%B9%8B%E9%AB%98%E6%89%AC%E6%96%AF%E5%8D%A1%E5%A8%85","https://media.fgo.wiki/2/24/Servant334.jpg","金卡","Foreigner","Buster","全体","Quick&Arts&Arts&Buster&Buster","兽","期间限定","11220","14700"
"335","赫费斯提翁","ヘファイスティオン","Hephaistíon","https://fgo.wiki/w/%E8%B5%AB%E8%B4%B9%E6%96%AF%E6%8F%90%E7%BF%81","https://media.fgo.wiki/a/aa/Servant335.jpg","金卡","Pretender","Arts","单体","Quick&Arts&Arts&Buster&Buster","地","圣晶石常驻","9879","11168"
"336","马纳南·麦克·利尔〔巴泽特〕","マナナン・マク・リール〔バゼット〕","Manannán mac Lir (Bazett)","https://fgo.wiki/w/%E9%A9%AC%E7%BA%B3%E5%8D%97%C2%B7%E9%BA%A6%E5%85%8B%C2%B7%E5%88%A9%E5%B0%94%E3%80%94%E5%B7%B4%E6%B3%BD%E7%89%B9%E3%80%95","https://media.fgo.wiki/a/ae/Servant336.jpg","金卡","Alterego","Quick","辅助","Quick&Quick&Arts&Buster&Buster","天","期间限定","12835","12825"
"337","征氏姐妹","徴姉妹","Hai Bà Trưng","https://fgo.wiki/w/%E5%BE%81%E6%B0%8F%E5%A7%90%E5%A6%B9","https://media.fgo.wiki/5/5f/Servant337.jpg","金卡","Saber","Arts","单体","Quick&Arts&Arts&Buster&Buster","人","期间限定","11898","14248"
"338","太岁星君","太歳星君","Taisui Xingjun","https://fgo.wiki/w/%E5%A4%AA%E5%B2%81%E6%98%9F%E5%90%9B","https://media.fgo.wiki/2/20/Servant338.jpg","金卡","Alterego","Arts","全体","Quick&Quick&Arts&Arts&Buster","地","活动赠送","9271","12350"
"339","超级班扬","スーパーバニヤン","Super Bunyan","https://fgo.wiki/w/%E8%B6%85%E7%BA%A7%E7%8F%AD%E6%89%AC","https://media.fgo.wiki/5/53/Servant339.jpg","金卡","Alterego","Buster","单体","Quick&Arts&Buster&Buster&Buster","地","期间限定","11545","13537"
"340","大黑天","大黒天","Daikokuten","https://fgo.wiki/w/%E5%A4%A7%E9%BB%91%E5%A4%A9","https://media.fgo.wiki/e/ec/Servant340.jpg","金卡","Caster","Quick","全体","Quick&Quick&Arts&Arts&Buster","天","期间限定","8629","11882"
"341","玛丽·安宁","メアリー・アニング","Mary Anning","https://fgo.wiki/w/%E7%8E%9B%E4%B8%BD%C2%B7%E5%AE%89%E5%AE%81","https://media.fgo.wiki/e/e8/Servant341.jpg","铜卡","Lancer","Arts","全体","Quick&Arts&Arts&Buster&Buster","人","期间限定","5574","7194"
"342","君士坦丁十一世","コンスタンティノス11世","Kōnstantînos XI","https://fgo.wiki/w/%E5%90%9B%E5%A3%AB%E5%9D%A6%E4%B8%81%E5%8D%81%E4%B8%80%E4%B8%96","https://media.fgo.wiki/2/28/Servant342.jpg","金卡","Rider","Buster","辅助","Quick&Arts&Arts&Buster&Buster","人","期间限定","10923","13953"
"343","查理曼","シャルルマーニュ","Charlemagne","https://fgo.wiki/w/%E6%9F%A5%E7%90%86%E6%9B%BC","https://media.fgo.wiki/7/76/Servant343.jpg","金卡","Saber","Quick","全体","Quick&Quick&Arts&Arts&Buster","星","期间限定","12015","14248"
"344","罗兰","ローラン","Roland","https://fgo.wiki/w/%E7%BD%97%E5%85%B0","https://media.fgo.wiki/f/fe/Servant344.jpg","金卡","Saber","Buster","单体","Quick&Arts&Arts&Buster&Buster","地","圣晶石常驻","9687","12293"
"345","克里姆希尔德","クリームヒルト","Kriemhild","https://fgo.wiki/w/%E5%85%8B%E9%87%8C%E5%A7%86%E5%B8%8C%E5%B0%94%E5%BE%B7","https://media.fgo.wiki/7/7c/Servant345.jpg","金卡","Berserker","Arts","单体","Quick&Arts&Arts&Buster&Buster","地","剧情限定","10400","9922"
"346","詹姆斯·莫里亚蒂","ジェームズ・モリアーティ","James Moriarty","https://fgo.wiki/w/%E8%A9%B9%E5%A7%86%E6%96%AF%C2%B7%E8%8E%AB%E9%87%8C%E4%BA%9A%E8%92%82(Ruler)","https://media.fgo.wiki/3/36/Servant346.jpg","金卡","Ruler","Arts","全体","Quick&Arts&Arts&Arts&Buster","人","期间限定","10450","14887"
"347","堂·吉诃德","ドン・キホーテ","Don Quixote","https://fgo.wiki/w/%E5%A0%82%C2%B7%E5%90%89%E8%AF%83%E5%BE%B7","https://media.fgo.wiki/9/9a/Servant347.jpg","金卡","Lancer","Quick","单体","Quick&Quick&Arts&Buster&Buster","地","剧情限定","8643","12622"
"348","张角","張角","Zhang Jue","https://fgo.wiki/w/%E5%BC%A0%E8%A7%92","https://media.fgo.wiki/b/bb/Servant348.jpg","银卡","Caster","Quick","全体","Quick&Quick&Arts&Arts&Buster","人","圣晶石常驻&友情点召唤","6744","9506"
"349","曲亭马琴","曲亭馬琴","Kyokutei Bakin","https://fgo.wiki/w/%E6%9B%B2%E4%BA%AD%E9%A9%AC%E7%90%B4","https://media.fgo.wiki/3/3b/Servant349.jpg","金卡","Rider","Arts","全体","Quick&Quick&Arts&Arts&Buster","人","期间限定","10723","14256"
"350","源为朝","源為朝","Minamoto-no-Tametomo","https://fgo.wiki/w/%E6%BA%90%E4%B8%BA%E6%9C%9D","https://media.fgo.wiki/5/53/Servant350.jpg","金卡","Archer","Buster","全体","Quick&Arts&Arts&Buster&Buster","人","圣晶石常驻","12465","13362"
"351","Archetype：Earth","アーキタイプ：アース","Archetype: EARTH","https://fgo.wiki/w/Archetype%EF%BC%9AEarth","https://media.fgo.wiki/a/a6/Servant351.jpg","金卡","MoonCancer","Buster","全体","Quick&Arts&Arts&Buster&Buster","星","期间限定","11601","14175"
"352","徐福","徐福","Xu Fu","https://fgo.wiki/w/%E5%BE%90%E7%A6%8F","https://media.fgo.wiki/3/37/Servant352.jpg","银卡","Alterego","Arts","辅助","Quick&Quick&Arts&Arts&Buster","人","圣晶石常驻&友情点召唤","7318","9310"
"353","阿瓦隆女士","レディ・アヴァロン","Lady Avalon","https://fgo.wiki/w/%E9%98%BF%E7%93%A6%E9%9A%86%E5%A5%B3%E5%A3%AB","https://media.fgo.wiki/9/9e/Servant353.jpg","金卡","Pretender","Arts","辅助","Quick&Arts&Arts&Arts&Buster","地","期间限定","11556","13822"
"354","加雷斯","ガレス","Gareth","https://fgo.wiki/w/%E5%8A%A0%E9%9B%B7%E6%96%AF(Saber)","https://media.fgo.wiki/0/02/Servant354.jpg","金卡","Saber","Buster","全体","Quick&Arts&Arts&Buster&Buster","地","期间限定","8119","13783"
"355","伊吹童子","伊吹童子","Ibuki-Douji","https://fgo.wiki/w/%E4%BC%8A%E5%90%B9%E7%AB%A5%E5%AD%90(Berserker)","https://media.fgo.wiki/f/f3/Servant355.jpg","金卡","Berserker","Arts","全体","Quick&Arts&Arts&Buster&Buster","天","期间限定","12961","12150"
"356","宇津见绘里濑","宇津見エリセ","Utsumi Erice","https://fgo.wiki/w/%E5%AE%87%E6%B4%A5%E8%A7%81%E7%BB%98%E9%87%8C%E6%BF%91(Avenger)","https://media.fgo.wiki/e/e7/Servant356.jpg","金卡","Avenger","Arts","单体","Quick&Quick&Arts&Arts&Buster","人","期间限定","10239","9801"
"357","斯卡哈·斯卡蒂","スカサハ＝スカディ","Scáthach-Skadi","https://fgo.wiki/w/%E6%96%AF%E5%8D%A1%E5%93%88%C2%B7%E6%96%AF%E5%8D%A1%E8%92%82(Ruler)","https://media.fgo.wiki/a/a1/Servant357.jpg","金卡","Ruler","Quick","全体","Quick&Quick&Arts&Buster&Buster","天","期间限定","10868","14850"
"358","武则天","武則天","Wu Zetian","https://fgo.wiki/w/%E6%AD%A6%E5%88%99%E5%A4%A9(Caster)","https://media.fgo.wiki/c/c4/Servant358.jpg","金卡","Caster","Buster","全体","Quick&Arts&Arts&Buster&Buster","人","期间限定","9492","10914"
"359","斯露德","スルーズ","Thrúd","https://fgo.wiki/w/%E6%96%AF%E9%9C%B2%E5%BE%B7","https://media.fgo.wiki/d/d5/Servant359.jpg","金卡","Assassin","Arts","全体","Quick&Quick&Arts&Arts&Buster","天","活动赠送","9741","10580"
"360","希露德","ヒルド","Hildr","https://fgo.wiki/w/%E5%B8%8C%E9%9C%B2%E5%BE%B7","https://media.fgo.wiki/0/0a/Servant360.jpg","金卡","Assassin","Arts","全体","Quick&Quick&Arts&Arts&Buster","天","活动赠送","9741","10580"
"361","奥特琳德","オルトリンデ","Ortlinde","https://fgo.wiki/w/%E5%A5%A5%E7%89%B9%E7%90%B3%E5%BE%B7","https://media.fgo.wiki/f/fc/Servant361.jpg","金卡","Assassin","Arts","全体","Quick&Quick&Arts&Arts&Buster","天","活动赠送","9741","10580"
"362","千利休","千利休","Sen-no-Rikyu","https://fgo.wiki/w/%E5%8D%83%E5%88%A9%E4%BC%91","https://media.fgo.wiki/9/94/Servant362.jpg","金卡","Berserker","Quick","全体","Quick&Quick&Quick&Arts&Buster","人","期间限定","12463","12028"
"363","山南敬助","山南敬助","Yamanami Keisuke","https://fgo.wiki/w/%E5%B1%B1%E5%8D%97%E6%95%AC%E5%8A%A9","https://media.fgo.wiki/4/45/Servant363.jpg","金卡","Saber","Arts","辅助","Quick&Quick&Arts&Arts&Buster","人","期间限定","8726","12498"
"364","壹与","壱与","Iyo","https://fgo.wiki/w/%E5%A3%B9%E4%B8%8E","https://media.fgo.wiki/d/df/Servant364.jpg","金卡","Ruler","Arts","全体","Quick&Quick&Arts&Arts&Buster","地","活动赠送","8977","11756"
"365","呼延灼","呼延灼","Huyan Zhuo","https://fgo.wiki/w/%E5%91%BC%E5%BB%B6%E7%81%BC","https://media.fgo.wiki/1/12/Servant365.jpg","金卡","Assassin","Quick","全体","Quick&Quick&Arts&Buster&Buster","人","期间限定","11004","13402"
"366","黄飞虎","黄飛虎","Huang Feihu","https://fgo.wiki/w/%E9%BB%84%E9%A3%9E%E8%99%8E","https://media.fgo.wiki/3/3b/Servant366.jpg","金卡","Rider","Buster","单体","Quick&Arts&Arts&Buster&Buster","地","圣晶石常驻","8817","12240"
"367","九纹龙伊丽莎","九紋竜エリザ","Elisa the Nine-Tattooed Dragon","https://fgo.wiki/w/%E4%B9%9D%E7%BA%B9%E9%BE%99%E4%BC%8A%E4%B8%BD%E8%8E%8E","https://media.fgo.wiki/5/58/Servant367.jpg","金卡","Pretender","Buster","全体","Quick&Quick&Arts&Buster&Buster","人","活动赠送","9639","11055"
"368","布里托玛特","ブリトマート","Britomart","https://fgo.wiki/w/%E5%B8%83%E9%87%8C%E6%89%98%E7%8E%9B%E7%89%B9","https://media.fgo.wiki/0/08/Servant368.jpg","金卡","Lancer","Quick","全体","Quick&Quick&Arts&Buster&Buster","地","期间限定","11858","14114"
"369","格里戈里·拉斯普京","グレゴリー・ラスプーチン","Grigori Rasputin","https://fgo.wiki/w/%E6%A0%BC%E9%87%8C%E6%88%88%E9%87%8C%C2%B7%E6%8B%89%E6%96%AF%E6%99%AE%E4%BA%AC","https://media.fgo.wiki/5/5b/Servant369.jpg","金卡","Alterego","Arts","全体","Quick&Quick&Arts&Arts&Buster","地","期间限定","11107","14107"
"370","尼托克丽丝〔Alter〕","ニトクリス〔オルタ〕","Nitocris (Alter)","https://fgo.wiki/w/%E5%B0%BC%E6%89%98%E5%85%8B%E4%B8%BD%E4%B8%9D%E3%80%94Alter%E3%80%95","https://media.fgo.wiki/1/1c/Servant370.jpg","金卡","Avenger","Arts","全体","Quick&Arts&Arts&Arts&Buster","天","圣晶石常驻","12612","12289"
"371","特斯卡特利波卡","テスカトリポカ","Tezcatlipoca","https://fgo.wiki/w/%E7%89%B9%E6%96%AF%E5%8D%A1%E7%89%B9%E5%88%A9%E6%B3%A2%E5%8D%A1","https://media.fgo.wiki/1/19/Servant371.jpg","金卡","Assassin","Arts","全体","Quick&Arts&Arts&Buster&Buster","天","期间限定","10982","14535"
"372","特拉洛克","トラロック","Tlāloc","https://fgo.wiki/w/%E7%89%B9%E6%8B%89%E6%B4%9B%E5%85%8B","https://media.fgo.wiki/6/6b/Servant372.jpg","金卡","Pretender","Quick","全体","Quick&Quick&Arts&Arts&Buster","地","圣晶石常驻","8721","12344"
"373","库库尔坎","ククルカン","Kukulcan","https://fgo.wiki/w/%E5%BA%93%E5%BA%93%E5%B0%94%E5%9D%8E","https://media.fgo.wiki/2/2f/Servant373.jpg","金卡","Foreigner","Buster","全体","Quick&Arts&Buster&Buster&Buster","星","期间限定","12584","13365"
"374","女教皇若安","女教皇ヨハンナ","Pope Johanna","https://fgo.wiki/w/%E5%A5%B3%E6%95%99%E7%9A%87%E8%8B%A5%E5%AE%89","https://media.fgo.wiki/7/76/Servant374.jpg","金卡","Ruler","Arts","全体","Quick&Quick&Arts&Arts&Buster","地","期间限定","10126","15592"
"375","高杉晋作","高杉晋作","Takasugi Shinsaku","https://fgo.wiki/w/%E9%AB%98%E6%9D%89%E6%99%8B%E4%BD%9C","https://media.fgo.wiki/c/cf/Servant375.jpg","金卡","Archer","Quick","全体","Quick&Quick&Arts&Buster&Buster","人","期间限定","12218","12965"
"376","幼体／提亚马特","ラーヴァ／ティアマト","Larva/Tiamat","https://fgo.wiki/w/%E5%B9%BC%E4%BD%93%EF%BC%8F%E6%8F%90%E4%BA%9A%E9%A9%AC%E7%89%B9","https://media.fgo.wiki/1/14/Servant376.jpg","金卡","Alterego","Buster","全体","Quick&Arts&Arts&Buster&Buster","星","期间限定","11444","14107"
"377","所多玛之兽／德拉科","ソドムズビースト／ドラコー","Sodom's Beast/Draco","https://fgo.wiki/w/%E6%89%80%E5%A4%9A%E7%8E%9B%E4%B9%8B%E5%85%BD%EF%BC%8F%E5%BE%B7%E6%8B%89%E7%A7%91","https://media.fgo.wiki/8/8b/Servant377.jpg","金卡","Beast","Arts","单体","Quick&Arts&Buster&Buster&Buster","兽","期间限定","12712","13160"
"378","洛库斯塔","ロクスタ","Locusta","https://fgo.wiki/w/%E6%B4%9B%E5%BA%93%E6%96%AF%E5%A1%94","https://media.fgo.wiki/7/7a/Servant378.jpg","金卡","Assassin","Arts","单体","Quick&Arts&Arts&Arts&Buster","人","期间限定","8890","10971"
"379","瑟坦特","セタンタ","Sétanta","https://fgo.wiki/w/%E7%91%9F%E5%9D%A6%E7%89%B9","https://media.fgo.wiki/1/19/Servant379.jpg","金卡","Saber","Quick","单体","Quick&Quick&Arts&Arts&Buster","地","活动赠送","9999","11248"
"380","果心居士","果心居士","Kashin Koji","https://fgo.wiki/w/%E6%9E%9C%E5%BF%83%E5%B1%85%E5%A3%AB","https://media.fgo.wiki/9/9e/Servant380.jpg","金卡","Assassin","Quick","全体","Quick&Quick&Arts&Arts&Buster","地","圣晶石常驻","11674","12568"
"381","怖军","ビーマ","Bhīma","https://fgo.wiki/w/%E6%80%96%E5%86%9B","https://media.fgo.wiki/5/55/Servant381.jpg","金卡","Lancer","Buster","单体","Quick&Quick&Arts&Buster&Buster","天","剧情限定","12302","14045"
"382","难敌","ドゥリーヨダナ","Duryodhana","https://fgo.wiki/w/%E9%9A%BE%E6%95%8C","https://media.fgo.wiki/8/85/Servant382.jpg","金卡","Berserker","Arts","全体","Quick&Arts&Arts&Buster&Buster","地","剧情限定","9409","11250"
"383","杜尔伽","ドゥルガー","Durgā","https://fgo.wiki/w/%E6%9D%9C%E5%B0%94%E4%BC%BD","https://media.fgo.wiki/b/be/Servant383.jpg","金卡","Archer","Arts","全体","Quick&Quick&Arts&Arts&Buster","天","期间限定","12835","13230"
"384","美杜莎","メドゥーサ","Medusa","https://fgo.wiki/w/%E7%BE%8E%E6%9D%9C%E8%8E%8E(Saber)","https://media.fgo.wiki/c/c1/Servant384.jpg","金卡","Saber","Quick","单体","Quick&Quick&Quick&Arts&Buster","地","期间限定","12015","14248"
"385","雨之魔女梣","雨の魔女トネリコ","Aesc the Rain Witch","https://fgo.wiki/w/%E9%9B%A8%E4%B9%8B%E9%AD%94%E5%A5%B3%E6%A2%A3","https://media.fgo.wiki/0/08/Servant385.jpg","金卡","Caster","Buster","全体","Quick&Arts&Arts&Buster&Buster","地","期间限定","11828","13097"
"386","阿尔托莉雅·卡斯特","アルトリア・キャスター","Altria Caster","https://fgo.wiki/w/%E9%98%BF%E5%B0%94%E6%89%98%E8%8E%89%E9%9B%85%C2%B7%E5%8D%A1%E6%96%AF%E7%89%B9(Berserker)","https://media.fgo.wiki/f/f3/Servant386.jpg","金卡","Berserker","Arts","单体","Quick&Arts&Arts&Buster&Buster","星","期间限定","12134","12696"
"387","铃鹿御前〔暑假〕","鈴鹿御前〔サマバケ〕","Suzuka Gozen (Vacay)","https://fgo.wiki/w/%E9%93%83%E9%B9%BF%E5%BE%A1%E5%89%8D%E3%80%94%E6%9A%91%E5%81%87%E3%80%95","https://media.fgo.wiki/8/87/Servant387.jpg","金卡","Rider","Quick","全体","Quick&Quick&Arts&Arts&Buster","天","期间限定","9349","11172"
"388","克洛伊·冯·爱因兹贝伦","クロエ・フォン・アインツベルン","Chloe von Einzbern","https://fgo.wiki/w/%E5%85%8B%E6%B4%9B%E4%BC%8A%C2%B7%E5%86%AF%C2%B7%E7%88%B1%E5%9B%A0%E5%85%B9%E8%B4%9D%E4%BC%A6(Avenger)","https://media.fgo.wiki/6/69/Servant388.jpg","金卡","Avenger","Quick","单体","Quick&Quick&Quick&Arts&Buster","人","期间限定","9823","10659"
"389","诺克娜蕾·雅兰杜","ノクナレア・ヤラアーンドゥ","Cnoc na Riabh Yaraändoo","https://fgo.wiki/w/%E8%AF%BA%E5%85%8B%E5%A8%9C%E8%95%BE%C2%B7%E9%9B%85%E5%85%B0%E6%9D%9C","https://media.fgo.wiki/8/8d/Servant389.jpg","金卡","Foreigner","Arts","全体","Quick&Arts&Arts&Arts&Buster","地","活动赠送","9225","12500"
"390","梅柳齐娜","メリュジーヌ","Mélusine","https://fgo.wiki/w/%E6%A2%85%E6%9F%B3%E9%BD%90%E5%A8%9C(Ruler)","https://media.fgo.wiki/b/bb/Servant390.jpg","金卡","Ruler","Arts","全体","Quick&Arts&Arts&Buster&Buster","地","期间限定","11495","13500"
"391","UDK－巴格斯特","ＵＤＫ－バーゲスト","UDK-Barghest","https://fgo.wiki/w/UDK%EF%BC%8D%E5%B7%B4%E6%A0%BC%E6%96%AF%E7%89%B9","https://media.fgo.wiki/0/01/Servant391.jpg","金卡","Archer","Arts","全体","Quick&Quick&Arts&Arts&Buster","地","期间限定","8851","12862"
"392","凯特·库·米可科尔","ケット・クー・ミコケル","Cait Cú MikoCer","https://fgo.wiki/w/%E5%87%AF%E7%89%B9%C2%B7%E5%BA%93%C2%B7%E7%B1%B3%E5%8F%AF%E7%A7%91%E5%B0%94","https://media.fgo.wiki/4/49/Servant392.jpg","金卡","Pretender","Buster","全体","Quick&Arts&Arts&Buster&Buster","地","期间限定","9831","11506"
"393","旺吉娜","ワンジナ","Wandjina","https://fgo.wiki/w/%E6%97%BA%E5%90%89%E5%A8%9C","https://media.fgo.wiki/b/bd/Servant393.jpg","金卡","Foreigner","Quick","单体","Quick&Quick&Arts&Buster&Buster","天","期间限定","12523","13500"
"394","托勒密","プトレマイオス","Ptolemaîos","https://fgo.wiki/w/%E6%89%98%E5%8B%92%E5%AF%86","https://media.fgo.wiki/d/d1/Servant394.jpg","金卡","Archer","Buster","单体","Quick&Arts&Arts&Buster&Buster","人","期间限定","12016","13965"
"395","杉谷善住坊","杉谷善住坊","Sugitani Zenjubou","https://fgo.wiki/w/%E6%9D%89%E8%B0%B7%E5%96%84%E4%BD%8F%E5%9D%8A","https://media.fgo.wiki/b/bd/Servant395.jpg","银卡","Archer","Buster","单体","Quick&Arts&Arts&Buster&Buster","人","圣晶石常驻&友情点召唤","7347","9682"
"396","忒修斯","テセウス","Thēseus","https://fgo.wiki/w/%E5%BF%92%E4%BF%AE%E6%96%AF","https://media.fgo.wiki/e/ec/Servant396.jpg","银卡","Saber","Arts","单体","Quick&Arts&Arts&Buster&Buster","地","圣晶石常驻&友情点召唤","7105","10302"
"397","武田晴信","武田晴信","Takeda Harunobu","https://fgo.wiki/w/%E6%AD%A6%E7%94%B0%E6%99%B4%E4%BF%A1","https://media.fgo.wiki/0/0d/Servant397.jpg","金卡","Rider","Buster","全体","Quick&Arts&Buster&Buster&Buster","人","期间限定","11175","13748"
"398","永仓新八","永倉新八","Nagakura Shinpachi","https://fgo.wiki/w/%E6%B0%B8%E4%BB%93%E6%96%B0%E5%85%AB","https://media.fgo.wiki/a/af/Servant398.jpg","金卡","Berserker","Buster","单体","Quick&Arts&Buster&Buster&Buster","人","期间限定","10044","10125"
"399","杂贺孙一","雑賀孫一","Saika Magoichi","https://fgo.wiki/w/%E6%9D%82%E8%B4%BA%E5%AD%99%E4%B8%80","https://media.fgo.wiki/9/91/Servant399.jpg","金卡","Archer","Quick","单体","Quick&Quick&Arts&Buster&Buster","人","活动赠送","8996","12005"
"400","上杉谦信","上杉謙信","Uesugi Kenshin","https://fgo.wiki/w/%E4%B8%8A%E6%9D%89%E8%B0%A6%E4%BF%A1","https://media.fgo.wiki/9/99/Servant400.jpg","金卡","Ruler","Arts","单体","Quick&Arts&Arts&Buster&Buster","地","期间限定","11495","13365"
"401","尼莫〔圣诞〕","ネモ〔サンタ〕","Nemo (Santa)","https://fgo.wiki/w/%E5%B0%BC%E8%8E%AB%E3%80%94%E5%9C%A3%E8%AF%9E%E3%80%95","https://media.fgo.wiki/5/56/Servant401.jpg","金卡","Rider","Arts","全体","Quick&Quick&Arts&Arts&Buster","天","活动赠送","8730","11880"
"402","大和武尊","ヤマトタケル","Yamato Takeru","https://fgo.wiki/w/%E5%A4%A7%E5%92%8C%E6%AD%A6%E5%B0%8A","https://media.fgo.wiki/4/49/Servant402.jpg","金卡","Saber","Arts","全体","Quick&Arts&Arts&Buster&Buster","天","期间限定","12526","13498"
"403","源赖光／丑御前","源頼光／丑御前","Minamoto-no-Raikou/Ushi Gozen","https://fgo.wiki/w/%E6%BA%90%E8%B5%96%E5%85%89%EF%BC%8F%E4%B8%91%E5%BE%A1%E5%89%8D","https://media.fgo.wiki/d/d3/Servant403.jpg","金卡","Avenger","Quick","全体","Quick&Quick&Quick&Arts&Buster","天","期间限定","12430","12602"
"404","由井正雪","由井正雪","Yui Shousetsu","https://fgo.wiki/w/%E7%94%B1%E4%BA%95%E6%AD%A3%E9%9B%AA","https://media.fgo.wiki/0/01/Servant404.jpg","金卡","Caster","Arts","辅助","Quick&Arts&Arts&Arts&Buster","人","期间限定","7766","13070"
"405","宫本伊织","宮本伊織","Miyamoto Iori","https://fgo.wiki/w/%E5%AE%AB%E6%9C%AC%E4%BC%8A%E7%BB%87","https://media.fgo.wiki/7/7a/Servant405.jpg","金卡","Saber","Buster","单体","Quick&Arts&Arts&Buster&Buster","人","活动赠送","9999","11248"
"406","安德洛墨达","アンドロメダ","Andromeda","https://fgo.wiki/w/%E5%AE%89%E5%BE%B7%E6%B4%9B%E5%A2%A8%E8%BE%BE","https://media.fgo.wiki/2/2b/Servant406.jpg","金卡","Rider","Quick","全体","Quick&Quick&Arts&Arts&Buster","地","期间限定","10085","15120"
"407","玛丽·安托瓦内特〔Alter〕","マリー・アントワネット〔オルタ〕","Marie Antoinette (Alter)","https://fgo.wiki/w/%E7%8E%9B%E4%B8%BD%C2%B7%E5%AE%89%E6%89%98%E7%93%A6%E5%86%85%E7%89%B9%E3%80%94Alter%E3%80%95","https://media.fgo.wiki/3/3d/Servant407.jpg","金卡","Avenger","Arts","全体","Quick&Quick&Arts&Arts&Buster","地","剧情限定","12705","12177"
"408","耀星哈桑","耀星のハサン","Hassan of the Aglare Star","https://fgo.wiki/w/%E8%80%80%E6%98%9F%E5%93%88%E6%A1%91","https://media.fgo.wiki/4/4a/Servant408.jpg","金卡","Assassin","Arts","全体","Quick&Quick&Quick&Arts&Buster","人","圣晶石常驻","9049","11055"
"409","岩窟王　基督山","巌窟王　モンテ・クリスト","Monte Cristo","https://fgo.wiki/w/%E5%B2%A9%E7%AA%9F%E7%8E%8B_%E5%9F%BA%E7%9D%A3%E5%B1%B1","https://media.fgo.wiki/8/81/Servant409.jpg","金卡","Avenger","Quick","单体","Quick&Quick&Arts&Buster&Buster","地","期间限定","12705","11880"
"410","亚历山德罗·迪·卡利奥斯特罗","アレッサンドロ・ディ・カリオストロ","Alessandro di Cagliostro","https://fgo.wiki/w/%E4%BA%9A%E5%8E%86%E5%B1%B1%E5%BE%B7%E7%BD%97%C2%B7%E8%BF%AA%C2%B7%E5%8D%A1%E5%88%A9%E5%A5%A5%E6%96%AF%E7%89%B9%E7%BD%97","https://media.fgo.wiki/8/8b/Servant410.jpg","金卡","Pretender","Arts","全体","Quick&Arts&Arts&Arts&Buster","人","剧情限定","9687","11168"
"411","E－火玛丽","Ｅ－フレアマリー","E-Flare Marie","https://fgo.wiki/w/E%EF%BC%8D%E7%81%AB%E7%8E%9B%E4%B8%BD","https://media.fgo.wiki/1/12/Servant411.jpg","","Beast？(火玛丽)","","","","人","无法获得","",""
"412","E－水玛丽","Ｅ－アクアマリー","E-Aqua Marie","https://fgo.wiki/w/E%EF%BC%8D%E6%B0%B4%E7%8E%9B%E4%B8%BD","https://media.fgo.wiki/3/35/Servant412.jpg","","Beast？(水玛丽)","","","","人","无法获得","",""
"413","苍崎青子","蒼崎青子","Aozaki Aoko","https://fgo.wiki/w/%E8%8B%8D%E5%B4%8E%E9%9D%92%E5%AD%90","https://media.fgo.wiki/d/d2/Servant413.jpg","金卡","Foreigner","Arts","辅助","Quick&Arts&Arts&Buster&Buster","人","期间限定","11319","14250"
"414","静希草十郎","静希草十郎","Shizuki Soujyuro","https://fgo.wiki/w/%E9%9D%99%E5%B8%8C%E8%8D%89%E5%8D%81%E9%83%8E","https://media.fgo.wiki/f/fc/Servant414.jpg","金卡","Berserker","Buster","单体","Quick&Arts&Arts&Buster&Buster","人","活动赠送","9954","10099"
"415","久远寺有珠","久遠寺有珠","Kuonji Alice","https://fgo.wiki/w/%E4%B9%85%E8%BF%9C%E5%AF%BA%E6%9C%89%E7%8F%A0","https://media.fgo.wiki/7/70/Servant415.jpg","金卡","Caster","Quick","全体","Quick&Quick&Arts&Arts&Buster","地&人","期间限定","10650","14773"
"416","响＆千键","ひびき＆千鍵","Hibiki&Chikagi","https://fgo.wiki/w/%E5%93%8D%EF%BC%86%E5%8D%83%E9%94%AE","https://media.fgo.wiki/6/66/Servant416.jpg","金卡","Alterego","Quick","全体","Quick&Quick&Arts&Buster&Buster","地&人&星","期间限定","12252","13537"
"417","埃列什基伽勒","エレシュキガル","Ereshkigal","https://fgo.wiki/w/%E5%9F%83%E5%88%97%E4%BB%80%E5%9F%BA%E4%BC%BD%E5%8B%92(Beast)","https://media.fgo.wiki/6/6d/Servant417.jpg","金卡","Beast","Arts","全体","Quick&Arts&Arts&Buster&Buster","兽","期间限定","11427","14530"
"418","谜之代行者C.I.E.L","謎の代行者C.I.E.L","Mysterious Executor C.I.E.L","https://fgo.wiki/w/%E8%B0%9C%E4%B9%8B%E4%BB%A3%E8%A1%8C%E8%80%85C.I.E.L","https://media.fgo.wiki/4/41/Servant418.jpg","金卡","MoonCancer","Buster","单体","Quick&Arts&Arts&Buster&Buster","人","期间限定","11658","14742"
"419","多布雷尼亚·尼基季奇","ドブルイニャ・ニキチッチ","Dobrynya Nikitich","https://fgo.wiki/w/%E5%A4%9A%E5%B8%83%E9%9B%B7%E5%B0%BC%E4%BA%9A%C2%B7%E5%B0%BC%E5%9F%BA%E5%AD%A3%E5%A5%87(Lancer)","https://media.fgo.wiki/0/00/Servant419.jpg","金卡","Lancer","Arts","单体","Quick&Arts&Arts&Buster&Buster","地","期间限定","9726","11360"
"420","徐福","徐福","Xu Fu","https://fgo.wiki/w/%E5%BE%90%E7%A6%8F(Avenger)","https://media.fgo.wiki/3/37/Servant420.jpg","金卡","Avenger","Buster","单体","Quick&Arts&Arts&Buster&Buster","人","期间限定","9686","11000"
"421","BB迪拜","ＢＢドバイ","BB Dubai","https://fgo.wiki/w/BB%E8%BF%AA%E6%8B%9C","https://media.fgo.wiki/b/bd/Servant421.jpg","金卡","MoonCancer","Arts","全体","Quick&Quick&Arts&Arts&Buster","星","期间限定","10753","15592"
"422","特诺奇蒂特兰","テノチティトラン","Tenochtitlan","https://fgo.wiki/w/%E7%89%B9%E8%AF%BA%E5%A5%87%E8%92%82%E7%89%B9%E5%85%B0","https://media.fgo.wiki/8/8e/Servant422.jpg","金卡","MoonCancer","Quick","全体","Quick&Quick&Arts&Buster&Buster","地","期间限定","8971","12718"
"423","谜之女主角XX〔Alter〕","謎のヒロインXX〔オルタ〕","Mysterious Heroine XX (Alter)","https://fgo.wiki/w/%E8%B0%9C%E4%B9%8B%E5%A5%B3%E4%B8%BB%E8%A7%92XX%E3%80%94Alter%E3%80%95","https://media.fgo.wiki/7/74/Servant423.jpg","金卡","Foreigner","Buster","单体","Quick&Arts&Buster&Buster&Buster","星","期间限定","9603","12171"
"424","岸波白野","岸波白野","Kishinami Hakuno","https://fgo.wiki/w/%E5%B2%B8%E6%B3%A2%E7%99%BD%E9%87%8E","https://media.fgo.wiki/b/b5/Servant424.jpg","金卡","MoonCancer","Buster","全体","Quick&Arts&Arts&Buster&Buster","人","通关报酬&友情点召唤","8502","12993"
"425","岸波白野","岸波白野","Kishinami Hakuno","https://fgo.wiki/w/%E5%B2%B8%E6%B3%A2%E7%99%BD%E9%87%8E(%E5%A5%B3%E6%80%A7)","https://media.fgo.wiki/b/bd/Servant425.jpg","金卡","MoonCancer","Buster","全体","Quick&Arts&Arts&Buster&Buster","人","通关报酬&友情点召唤","8502","12993"
"426","Kazuradrop","カズラドロップ","Kazuradrop","https://fgo.wiki/w/Kazuradrop","https://media.fgo.wiki/c/c9/Servant426.jpg","金卡","Alterego","Quick","全体","Quick&Quick&Arts&Arts&Buster","地","期间限定","11220","13822"
"427","图坦卡蒙","ツタンカーメン","Tutankhamun","https://fgo.wiki/w/%E5%9B%BE%E5%9D%A6%E5%8D%A1%E8%92%99","https://media.fgo.wiki/6/6e/Servant427.jpg","金卡","Archer","Arts","单体","Quick&Arts&Arts&Arts&Buster","人","期间限定","11276","14295"
"428","梵高〔矿工〕","ヴァン・ゴッホ〔マイナー〕","Van Gogh (Miner)","https://fgo.wiki/w/%E6%A2%B5%E9%AB%98%E3%80%94%E7%9F%BF%E5%B7%A5%E3%80%95","https://media.fgo.wiki/8/86/Servant428.jpg","金卡","Lancer","Quick","全体","Quick&Quick&Arts&Buster&Buster","人","活动赠送","9261","12173"
"429","娄希","ロウヒ","Louhi","https://fgo.wiki/w/%E5%A8%84%E5%B8%8C","https://media.fgo.wiki/7/76/Servant429.jpg","金卡","Berserker","Quick","全体","Quick&Quick&Arts&Buster&Buster","地","圣晶石常驻","12836","12028"
"430","阿比盖尔·威廉姆斯〔圣诞〕","アビゲイル・ウィリアムズ〔サンタ〕","Abigail Williams (Santa)","https://fgo.wiki/w/%E9%98%BF%E6%AF%94%E7%9B%96%E5%B0%94%C2%B7%E5%A8%81%E5%BB%89%E5%A7%86%E6%96%AF%E3%80%94%E5%9C%A3%E8%AF%9E%E3%80%95","https://media.fgo.wiki/8/8f/Servant430.jpg","金卡","Pretender","Arts","辅助","Quick&Arts&Arts&Arts&Buster","地","活动赠送","9088","11756"
"431","Phantasmoon","ファンタズムーン","Phantasmoon","https://fgo.wiki/w/Phantasmoon","https://media.fgo.wiki/e/e1/Servant431.jpg","金卡","Pretender","Buster","单体","Quick&Arts&Arts&Buster&Buster","星","期间限定","12465","12825"
"432","理查一世","リチャードⅠ世","Richard I","https://fgo.wiki/w/%E7%90%86%E6%9F%A5%E4%B8%80%E4%B8%96","https://media.fgo.wiki/7/77/Servant432.jpg","金卡","Saber","Buster","全体","Quick&Quick&Arts&Buster&Buster","人","期间限定","12465","13635"
"433","比肖内","ビショーネ","Biscione","https://fgo.wiki/w/%E6%AF%94%E8%82%96%E5%86%85","https://media.fgo.wiki/c/c1/Servant433.jpg","金卡","Lancer","Quick","单体","Quick&Quick&Arts&Buster&Buster","地","期间限定","10995","15300"
"434","黑姬","黒姫","Kurohime","https://fgo.wiki/w/%E9%BB%91%E5%A7%AC","https://media.fgo.wiki/2/2f/Servant434.jpg","金卡","Saber","Arts","单体","Quick&Quick&Arts&Arts&Buster","地","圣晶石常驻","9735","11873"
"435","小野小町","小野小町","Ono-no-Komachi","https://fgo.wiki/w/%E5%B0%8F%E9%87%8E%E5%B0%8F%E7%94%BA","https://media.fgo.wiki/9/93/Servant435.jpg","金卡","Caster","Quick","全体","Quick&Quick&Quick&Arts&Buster","天","期间限定","11430","13097"
"436","E－宏玛丽","Ｅ－グランマリー","E-Grand Marie","https://fgo.wiki/w/E%EF%BC%8D%E5%AE%8F%E7%8E%9B%E4%B8%BD","https://media.fgo.wiki/c/c3/Servant436.jpg","","Beast？(宏伟玛丽)","","","","天","无法获得","",""
"437","但丁·阿利吉耶里","ダンテ・アリギエーリ","Dante Alighieri","https://fgo.wiki/w/%E4%BD%86%E4%B8%81%C2%B7%E9%98%BF%E5%88%A9%E5%90%89%E8%80%B6%E9%87%8C","https://media.fgo.wiki/e/e4/Servant437.jpg","金卡","Pretender","Arts","全体","Quick&Arts&Arts&Buster&Buster","星","剧情限定","11332","14321"
"438","梅塔特隆·贞德","メタトロン・ジャンヌ","Metatron Jeanne","https://fgo.wiki/w/%E6%A2%85%E5%A1%94%E7%89%B9%E9%9A%86%C2%B7%E8%B4%9E%E5%BE%B7","https://media.fgo.wiki/1/17/Servant438.jpg","金卡","Ruler","Buster","全体","Quick&Arts&Arts&Buster&Buster","天","期间限定","11954","13770"
"439","阿育王","アショカ王","Ashoka","https://fgo.wiki/w/%E9%98%BF%E8%82%B2%E7%8E%8B","https://media.fgo.wiki/a/a9/Servant439.jpg","金卡","Lancer","Arts","全体","Quick&Arts&Arts&Buster&Buster","人","剧情限定","9653","11761"
"440","莉莉丝","リリス","Lilith","https://fgo.wiki/w/%E8%8E%89%E8%8E%89%E4%B8%9D","https://media.fgo.wiki/f/fd/Servant440.jpg","金卡","Berserker","Quick","单体","Quick&Quick&Arts&Arts&Buster","地","期间限定","12774","12210"
"441","堤丰·厄斐墨洛斯","テュフォン・エフェメロス","Typhon Ephemeros","https://fgo.wiki/w/%E5%A0%A4%E4%B8%B0%C2%B7%E5%8E%84%E6%96%90%E5%A2%A8%E6%B4%9B%E6%96%AF","https://media.fgo.wiki/1/16/Servant441.jpg","金卡","Pretender","Buster","全体","Quick&Arts&Buster&Buster&Buster","天","期间限定","12835","13081"
"442","因陀罗","インドラ","Indra","https://fgo.wiki/w/%E5%9B%A0%E9%99%80%E7%BD%97","https://media.fgo.wiki/0/00/Servant442.jpg","金卡","Lancer","Quick","全体","Quick&Quick&Arts&Buster&Buster","天","期间限定","12302","13770"
"443","E－星玛丽","Ｅ－ステラマリー","E-Stella Marie","https://fgo.wiki/w/E%EF%BC%8D%E6%98%9F%E7%8E%9B%E4%B8%BD","https://media.fgo.wiki/5/57/Servant443.jpg","","Beast？(星玛丽)","","","","星","无法获得","",""
"444","U－奥尔加玛丽","Ｕ－オルガマリー","U-Olga Marie","https://fgo.wiki/w/U%EF%BC%8D%E5%A5%A5%E5%B0%94%E5%8A%A0%E7%8E%9B%E4%B8%BD","https://media.fgo.wiki/4/4f/Servant444.jpg","金卡","Beast","Buster","全体","Quick&Arts&Arts&Buster&Buster","星&人","期间限定","10815","15450"
"445","Passionlip","パッションリップ","Passionlip","https://fgo.wiki/w/Passionlip(Saber)","https://media.fgo.wiki/4/44/Servant445.jpg","金卡","Saber","Buster","单体","Quick&Arts&Buster&Buster&Buster","地","期间限定","11782","14392"
"446","克里姆希尔德","クリームヒルト","Kriemhild","https://fgo.wiki/w/%E5%85%8B%E9%87%8C%E5%A7%86%E5%B8%8C%E5%B0%94%E5%BE%B7(Rider)","https://media.fgo.wiki/f/fd/Servant446.jpg","金卡","Rider","Buster","单体","Quick&Arts&Arts&Buster&Buster","地","期间限定","9166","11400"
"447","呼延灼","呼延灼","Huyan Zhuo","https://fgo.wiki/w/%E5%91%BC%E5%BB%B6%E7%81%BC(Berserker)","https://media.fgo.wiki/d/d9/Servant447.jpg","金卡","Berserker","Quick","全体","Quick&Quick&Arts&Buster&Buster","人","活动赠送","10197","10023"
"448","玉兔","玉兎","Gyokuto","https://fgo.wiki/w/%E7%8E%89%E5%85%94","https://media.fgo.wiki/4/4b/Servant448.jpg","金卡","MoonCancer","Arts","单体","Quick&Quick&Arts&Arts&Buster","人","期间限定","10391","15435"
"449","美游·艾德费尔特","美遊・エーデルフェルト","Miyu Edelfelt","https://fgo.wiki/w/%E7%BE%8E%E6%B8%B8%C2%B7%E8%89%BE%E5%BE%B7%E8%B4%B9%E5%B0%94%E7%89%B9(Lancer)","https://media.fgo.wiki/d/dd/Servant449.jpg","金卡","Lancer","Arts","全体","Quick&Quick&Arts&Arts&Buster","人","期间限定","9944","11245"
"450","幼体／提亚马特","ラーヴァ／ティアマト","Larva/Tiamat","https://fgo.wiki/w/%E5%B9%BC%E4%BD%93%EF%BC%8F%E6%8F%90%E4%BA%9A%E9%A9%AC%E7%89%B9(Archer)","https://media.fgo.wiki/e/ef/Servant450.jpg","金卡","Archer","Quick","辅助","Quick&Quick&Arts&Arts&Buster","星","期间限定","12016","13825"
"451","热内斯·克莱恩","ジュネス・クレーン","Jeunesse Crane","https://fgo.wiki/w/%E7%83%AD%E5%86%85%E6%96%AF%C2%B7%E5%85%8B%E8%8E%B1%E6%81%A9","https://media.fgo.wiki/4/44/Servant451.jpg","金卡","Alterego","Arts","全体","Quick&Arts&Arts&Arts&Buster","地","期间限定","9896","10473"
"452","尼莫／诺亚","ネモ／ノア","Nemo/Noah","https://fgo.wiki/w/%E5%B0%BC%E8%8E%AB%EF%BC%8F%E8%AF%BA%E4%BA%9A","https://media.fgo.wiki/f/f8/Servant452.jpg","金卡","Rider","Arts","全体","Quick&Arts&Arts&Arts&Buster","星","期间限定","11619","12830"
"453","河上彦斋","河上彦斎","Kawakami Gensai","https://fgo.wiki/w/%E6%B2%B3%E4%B8%8A%E5%BD%A6%E6%96%8B","https://media.fgo.wiki/1/1c/Servant453.jpg","金卡","Assassin","Buster","单体","Quick&Arts&Arts&Buster&Buster","人","期间限定","11586","12696"
"454","藤堂平助","藤堂平助","Toudou Heisuke","https://fgo.wiki/w/%E8%97%A4%E5%A0%82%E5%B9%B3%E5%8A%A9","https://media.fgo.wiki/1/16/Servant454.jpg","金卡","Avenger","Quick","单体","Quick&Quick&Arts&Buster&Buster","人","期间限定","9284","10862"
"455","原田左之助","原田左之助","Harada Sanosuke","https://fgo.wiki/w/%E5%8E%9F%E7%94%B0%E5%B7%A6%E4%B9%8B%E5%8A%A9","https://media.fgo.wiki/5/52/Servant455.jpg","金卡","Lancer","Buster","单体","Quick&Quick&Arts&Buster&Buster","人","活动赠送","8295","13387"
"456","近藤勇","近藤勇","Kondou Isami","https://fgo.wiki/w/%E8%BF%91%E8%97%A4%E5%8B%87","https://media.fgo.wiki/4/4d/Servant456.jpg","金卡","Saber","Arts","全体","Quick&Arts&Arts&Buster&Buster","人","期间限定","11782","14680"
"457","伊丽莎白·巴托里","エリザベート・バートリー","Elisabeth Báthory","https://fgo.wiki/w/%E4%BC%8A%E4%B8%BD%E8%8E%8E%E7%99%BD%C2%B7%E5%B7%B4%E6%89%98%E9%87%8C(SSR)","https://media.fgo.wiki/d/d0/Servant457.jpg","金卡","Lancer","Buster","单体","Quick&Quick&Arts&Buster&Buster","星","期间限定","12154","14114"
"458","终结之伊丽莎白","終わりのエリザベート","Ultimate Elisabeth","https://fgo.wiki/w/%E7%BB%88%E7%BB%93%E4%B9%8B%E4%BC%8A%E4%B8%BD%E8%8E%8E%E7%99%BD","https://media.fgo.wiki/d/d0/Servant458.jpg","金卡","Avenger","Buster","全体","Quick&Arts&Buster&Buster&Buster","星","活动赠送","9828","11000"
"459","所罗门","ソロモン","Solomon","https://fgo.wiki/w/%E6%89%80%E7%BD%97%E9%97%A8(Pretender)","https://media.fgo.wiki/3/3c/Servant459.jpg","金卡","Pretender","Buster","全体","Quick&Arts&Arts&Buster&Buster","地","通关报酬","11444","14250"
"460","马里斯·迦勒底亚斯","マリス・カルデアス","Maris Chaldeas","https://fgo.wiki/w/%E9%A9%AC%E9%87%8C%E6%96%AF%C2%B7%E8%BF%A6%E5%8B%92%E5%BA%95%E4%BA%9A%E6%96%AF","https://media.fgo.wiki/a/ac/Servant460.jpg","","BeastⅦ","","","","兽","无法获得","",""
"461","领主洛格雷斯","ロード・ログレス","Lord Logres","https://fgo.wiki/w/%E9%A2%86%E4%B8%BB%E6%B4%9B%E6%A0%BC%E9%9B%B7%E6%96%AF","https://media.fgo.wiki/c/cf/Servant461.jpg","金卡","Saber","Buster","全体","Quick&Arts&Buster&Buster&Buster","星","期间限定","12709","13635"
"462","花咲翁","花咲翁","Hanasaka no Okina","https://fgo.wiki/w/%E8%8A%B1%E5%92%B2%E7%BF%81","https://media.fgo.wiki/b/b0/Servant462.jpg","金卡","Caster","Quick","全体","Quick&Quick&Arts&Arts&Buster","地","期间限定","11128","13825"
"463","蛇女房","蛇女房","Hebi Nyobo","https://fgo.wiki/w/%E8%9B%87%E5%A5%B3%E6%88%BF","https://media.fgo.wiki/0/0d/Servant463.jpg","金卡","Assassin","Arts","辅助","Quick&Arts&Arts&Buster&Buster","地","圣晶石常驻","8372","12344"
"464","芙萝拉","フローラ","Flora","https://fgo.wiki/w/%E8%8A%99%E8%90%9D%E6%8B%89","https://media.fgo.wiki/c/cc/Servant464.jpg","金卡","Alterego","Quick","辅助","Quick&Quick&Quick&Arts&Buster","天","活动赠送","9363","11875"
"465","得墨忒耳","デメテル","Demeter","https://fgo.wiki/w/%E5%BE%97%E5%A2%A8%E5%BF%92%E8%80%B3","https://media.fgo.wiki/0/0f/Servant465.jpg","金卡","Lancer","Arts","全体","Quick&Quick&Arts&Arts&Buster","天","期间限定","12332","14045"
"466","雅克·德·莫莱","ジャック・ド・モレー","Jacques de Molay","https://fgo.wiki/w/%E9%9B%85%E5%85%8B%C2%B7%E5%BE%B7%C2%B7%E8%8E%AB%E8%8E%B1(Saber)","https://media.fgo.wiki/4/4c/Servant466.jpg","金卡","Saber","Buster","全体","Quick&Arts&Arts&Buster&Buster","人","期间限定","11782","14248"
"467","普勒拉蒂","プレラーティ","Prelati","https://fgo.wiki/w/%E6%99%AE%E5%8B%92%E6%8B%89%E8%92%82","https://media.fgo.wiki/d/d2/Servant467.jpg","金卡","Caster","Arts","辅助","Quick&Arts&Arts&Arts&Buster","天","期间限定","11601","12965"
"468","希波吕忒","ヒッポリュテ","Hippolyta","https://fgo.wiki/w/%E5%B8%8C%E6%B3%A2%E5%90%95%E5%BF%92","https://media.fgo.wiki/2/2b/Servant468.jpg","金卡","Rider","Buster","单体","Quick&Arts&Buster&Buster&Buster","地","活动赠送","8773","12000"
"469","无地王约翰","ジョン・ラックランド","John Lackland","https://fgo.wiki/w/%E6%97%A0%E5%9C%B0%E7%8E%8B%E7%BA%A6%E7%BF%B0","https://media.fgo.wiki/7/7f/Servant469.jpg","金卡","Avenger","Buster","全体","Quick&Arts&Arts&Buster&Buster","人","期间限定","10654","14810"
"470","终末的Archer","終末のアーチャー","Archer of the Apocalypse","https://fgo.wiki/w/%E7%BB%88%E6%9C%AB%E7%9A%84Archer","https://media.fgo.wiki/9/9e/Servant470.jpg","金卡","Archer","Arts","全体","Quick&Arts&Arts&Arts&Buster","天","期间限定","11668","14406"
"471","阿斯卡拉福斯","アスカラポス","Ascalaphus","https://fgo.wiki/w/%E9%98%BF%E6%96%AF%E5%8D%A1%E6%8B%89%E7%A6%8F%E6%96%AF","https://media.fgo.wiki/6/62/Servant471.jpg","金卡","Alterego","Arts","全体","Quick&Quick&Arts&Arts&Buster","天","期间限定","12134","13402"
"472","格蕾·Lily","グレイ・リリィ","Gray Lily","https://fgo.wiki/w/%E6%A0%BC%E8%95%BE%C2%B7Lily","https://media.fgo.wiki/1/17/Servant472.jpg","金卡","Saber","Buster","全体","Quick&Arts&Arts&Buster&Buster","人","活动赠送","9949","11135"
"473","格蕾·Lily","グレイ・リリィ","Gray Lily","https://fgo.wiki/w/%E6%A0%BC%E8%95%BE%C2%B7Lily(Lancer)","https://media.fgo.wiki/b/b5/Servant473.jpg","金卡","Lancer","Buster","单体","Quick&Quick&Arts&Buster&Buster","人","活动赠送","8731","12495"
"474","哈桑·萨巴赫","ハサン・サッバーハ","Hassan-i Sabbah","https://fgo.wiki/w/%E5%93%88%E6%A1%91%C2%B7%E8%90%A8%E5%B7%B4%E8%B5%AB","https://media.fgo.wiki/f/fc/Servant474.jpg","金卡","Assassin","Arts","单体","Quick&Arts&Arts&Buster&Buster","人","期间限定","11848","12760"
"475","红阎魔","紅閻魔","Beni-Enma","https://fgo.wiki/w/%E7%BA%A2%E9%98%8E%E9%AD%94(Berserker)","https://media.fgo.wiki/8/87/Servant475.jpg","金卡","Berserker","Arts","全体","Quick&Arts&Arts&Buster&Buster","地","期间限定","11955","12825"
"476","Kingprotea","キングプロテア","Kingprotea","https://fgo.wiki/w/Kingprotea(MoonCancer)","https://media.fgo.wiki/7/73/Servant476.jpg","金卡","MoonCancer","Buster","全体","Quick&Arts&Buster&Buster&Buster","地","期间限定","11128","15336"
"477","比肖内","ビショーネ","Biscione","https://fgo.wiki/w/%E6%AF%94%E8%82%96%E5%86%85(Caster)","https://media.fgo.wiki/2/22/Servant477.jpg","金卡","Caster","Arts","全体","Quick&Arts&Arts&Arts&Buster","地","期间限定","9105","11637"
"478","莉莉丝","リリス","Lilith","https://fgo.wiki/w/%E8%8E%89%E8%8E%89%E4%B8%9D(Rider)","https://media.fgo.wiki/2/2d/Servant478.jpg","金卡","Rider","Quick","全体","Quick&Quick&Arts&Arts&Buster","地","期间限定","11971","12960"
"479","Kingprotea·Alter","キングプロテア・オルタ","Kingprotea Alter","https://fgo.wiki/w/Kingprotea%C2%B7Alter","https://media.fgo.wiki/2/21/Servant479.jpg","金卡","Avenger","Buster","单体","Quick&Arts&Buster&Buster&Buster","地","期间限定","12959","12355"
"480","小野小町","小野小町","Ono-no-Komachi","https://fgo.wiki/w/%E5%B0%8F%E9%87%8E%E5%B0%8F%E7%94%BA(Archer)","https://media.fgo.wiki/1/1f/Servant480.jpg","金卡","Archer","Quick","全体","Quick&Quick&Arts&Arts&Buster","天","期间限定","10148","10914"
"481","哈贝特洛特","ハベトロット","Habetrot","https://fgo.wiki/w/%E5%93%88%E8%B4%9D%E7%89%B9%E6%B4%9B%E7%89%B9(Pretender)","https://media.fgo.wiki/5/55/Servant481.jpg","金卡","Pretender","Buster","单体","Quick&Quick&Arts&Buster&Buster","地","活动赠送","9065","11815"
"482","代达罗斯","ダイダロス","Daedalus","https://fgo.wiki/w/%E4%BB%A3%E8%BE%BE%E7%BD%97%E6%96%AF","https://media.fgo.wiki/4/4c/Servant482.jpg","金卡","Berserker","Buster","全体","Quick&Arts&Arts&Buster&Buster","人","期间限定","12213","12393"